user_id,churn_status
user_0009a225-73ac-46f6-9344-bc69a896f98e,not_churned
user_004267e6-dfa3-4bcf-8261-9d82a3c920b2,not_churned
user_0046359f-26ea-4529-ac51-1203b3a5f888,not_churned
user_00725054-1794-47af-9aa7-dd877344128b,not_churned
user_01131ef2-4521-4862-8bc7-1423c3190624,not_churned
user_017eedac-3104-4b03-bcc4-c15bc3429e11,not_churned
user_01b74223-d211-422b-b77f-2cab5c35e17d,not_churned
user_01c0b26e-6fe8-4488-9a48-d0116eb23c21,not_churned
user_01d987cd-e0cf-46b7-ab99-556c04d7a641,invol_churn
user_01ee518a-e56f-4b58-96cb-9194ba25955b,not_churned
user_0227dedd-80a7-49d0-80ba-e3460abd9166,not_churned
user_0279da56-509e-4cf1-9f99-ae6f204e0161,vol_churn
user_0289ef0d-9312-412f-a355-970e5f7a45e6,not_churned
user_02d811b2-835a-4aa1-8973-bc8b6299cb2f,invol_churn
user_02e7365f-3534-4861-94da-dc75d6255b91,not_churned
user_0332b44d-b7e6-4696-a3b8-fa48c28dd164,not_churned
user_0334bdb2-f995-4d18-9df5-1a5753846a06,not_churned
user_03677775-ba57-43fe-a9f0-105c4a754c49,not_churned
user_03ac5d98-b3e8-4d00-8fd7-809c87005a64,not_churned
user_03d56397-6095-44f5-90a8-cfd31bbb83dc,not_churned
user_041a573d-6803-411c-b12e-3bbefc65e90b,not_churned
user_041ff096-e3fe-400d-8e19-6d9accf2b7f8,not_churned
user_04b46848-71a1-48e8-8fd6-34abf3c04191,not_churned
user_04dd7fde-69a1-4bd2-bc5a-dccf4e4fd4bd,not_churned
user_04fe86c1-0dd7-4545-a2cf-428a43897928,not_churned
user_050fdb8a-2fa6-4094-bdcb-d57eb41a3c95,not_churned
user_054d9b77-f0d1-45fb-ba35-7047c8077c61,not_churned
user_05aedb0b-aecd-478b-b684-24f511dd3aca,invol_churn
user_05ed8034-90a2-492b-9a22-3f0bfaf6e58d,not_churned
user_06187445-7f46-4f68-be0f-fb880d1b3fa7,not_churned
user_062c78c8-6bab-45f0-9057-2609bccde03e,not_churned
user_06660fa6-3e6b-4a43-896b-163bcca0e7a8,not_churned
user_07d1d2dc-23b5-468c-a5aa-3bbd4ad7fca0,invol_churn
user_07ea85ef-3631-4a4e-a131-ab505a68339c,vol_churn
user_08642f90-42a7-496a-a135-8d211b6aed42,not_churned
user_08645025-5482-42b4-8edd-de0262b342b5,invol_churn
user_08687434-38d4-481f-bc88-acc7f2de22a5,not_churned
user_08fedd65-196b-4ead-bfe4-68cd6dd296fb,not_churned
user_09162754-174f-4ccc-a489-c1937ae73836,not_churned
user_0952a7ca-6592-412c-9814-339253abe8f2,not_churned
user_096a50ed-5988-490f-afd9-2af283560cb4,not_churned
user_0a2ebcfe-cee9-4ae7-933d-622edb405aca,not_churned
user_0a60a07a-0723-4b25-ad59-45886640192a,not_churned
user_0a78be40-0b51-4069-b1b1-d44f280e6a2b,not_churned
user_0a7b138f-1991-418b-9ced-2083c829308f,not_churned
user_0a7ddcc2-19b1-46be-84f0-eda32ed8a208,not_churned
user_0ab04dee-4ee5-4ff2-9326-d8155c6ee24f,not_churned
user_0ab205e7-87fd-475b-b6cb-1749c3ac137c,vol_churn
user_0aee8115-57b6-4fac-8770-3d2f0c36f001,not_churned
user_0b5df5e4-d2b3-4b55-8bf6-cbed01f50d9b,not_churned
user_0b659ea4-b04e-474b-a19e-22efc8b27b93,not_churned
user_0b7e35bd-4c7e-4abf-8952-4d95c1ef45f0,not_churned
user_0bb2e338-18a0-405a-8899-cf59ce0fd059,not_churned
user_0c12f693-754b-43f2-83a9-1d2c097e5337,not_churned
user_0c1715d4-2c75-4ed6-ac48-b8ee7e79cf8e,not_churned
user_0c2d4846-924b-4445-9c03-50e6ca5065ad,vol_churn
user_0c77eaf7-7b05-4d55-aaa8-3e53ac13ef1f,not_churned
user_0c8fa81e-4098-44ca-836a-5004f03704a3,not_churned
user_0cdfa900-836a-4a88-a483-ecff6099c099,vol_churn
user_0d309e99-e133-4b4f-a8e7-a773fe45848f,not_churned
user_0e2fe2fa-773b-4759-98cf-c1f9e4ed0c1f,invol_churn
user_0e330385-c674-42a5-9088-da90ed0db0bc,not_churned
user_0ec6425c-d26a-4d4b-9769-6a2a082f09a5,not_churned
user_0f298d8c-3a43-49b8-9fdf-4f549eca50d1,not_churned
user_0f5b4a2e-2674-41fd-aa9a-35483003a826,not_churned
user_0f8f7a7b-b0ae-45fc-a89f-d7ab0db43a81,not_churned
user_0fc4298a-37a8-46cc-974b-b4e612b228f0,not_churned
user_0fc8c4bd-4652-4989-ae08-a144e365c21d,not_churned
user_10054179-0ea1-4656-8b1a-a0734855cd44,not_churned
user_1043f9aa-d069-43d1-b686-c084465126e6,not_churned
user_10db8e3a-73dd-42a9-a0cf-0c5aec2f0cca,not_churned
user_112cfcaf-c901-4dc8-90ca-a13d8b934e97,invol_churn
user_1149dd81-d407-4259-af61-0d23688ebb93,invol_churn
user_120d4b06-716c-4a58-82c5-c56f2964e2c0,not_churned
user_12653f49-8151-4457-9795-2441681aa220,not_churned
user_127106e0-10d4-46ce-af64-f97a7430418c,not_churned
user_12728db9-c114-4a5a-8a41-20918e47a673,not_churned
user_128989a4-2f58-4f38-94ec-08416c8d9c5f,invol_churn
user_12adb5f1-811e-450d-a529-39998c05e23c,not_churned
user_12f10c88-42fc-4510-8386-74ef20365029,not_churned
user_1318c86e-21d5-4a41-bc34-255f317cfa53,not_churned
user_13a380bf-32e2-4643-81ec-d76f3357e0fd,not_churned
user_15419150-035b-4378-b092-a78ff2b30bc8,invol_churn
user_15439d04-8214-47f8-a1ba-9bd226c903d1,not_churned
user_15659f25-095d-46f9-ad52-8634702d20cd,not_churned
user_1593ab5c-025a-4b28-958c-c90738033010,not_churned
user_1594ea53-8ae1-43b4-8c5c-28ece787b0fc,not_churned
user_15cf973e-2ba5-4a14-9652-e9f787b77449,invol_churn
user_166be41f-acf8-427d-a7bc-654537825984,not_churned
user_16b3244f-9b3f-4b0b-8281-5754b543c1be,not_churned
user_16c29826-fde9-4931-84ba-f53cbae0cf4d,not_churned
user_16e4931a-4ea9-4a3a-bd03-3086b22ee681,not_churned
user_16e8b5cc-2afc-4a82-bc3d-bc8e4b9a42cb,not_churned
user_1704a606-6519-47aa-9882-82342413fcd2,vol_churn
user_171cfefa-8e6c-4dc1-83d8-41150ed3d6a4,not_churned
user_174d63be-3c7c-49cf-b49c-00b251cf850c,not_churned
user_175832d3-6716-4ba6-8200-39ec669425fa,not_churned
user_176cbaec-b8e9-442b-85c5-51493d6873af,not_churned
user_176d9828-a222-43fb-8056-d07d9128988d,not_churned
user_18079fb7-3ae8-4251-aacc-d9409296d83e,not_churned
user_19338f3a-ac7a-4b20-b078-b342d3f49552,invol_churn
user_19db2b28-39fe-4007-a0b6-fa34fec5ad8a,not_churned
user_1a4e0f3c-8d5d-4b08-a836-cf2660c33d8d,not_churned
user_1a739f51-5a3e-4427-861f-ab2d0fe6c174,not_churned
user_1afd2421-939a-4cf9-a41d-5f268d167384,vol_churn
user_1b852f5c-2611-47d7-9bde-b2d9a1d81ed6,not_churned
user_1b9281d7-afdd-4bd4-bbb3-952ea04c7715,not_churned
user_1be08890-e6f3-4395-9445-45dec44f45e3,not_churned
user_1c09873c-467c-4e0d-8949-fd2b519d41c7,not_churned
user_1c5bfbec-aa97-4e52-86b9-f632d4482530,invol_churn
user_1c7f33fd-053c-445f-9fdd-10cad47cd9db,not_churned
user_1ca7ae7c-4fd6-4c5b-86c1-1a3bbb89a52f,not_churned
user_1d09c7e8-1d19-421f-b390-57e7859da6ac,not_churned
user_1d6e6b51-7803-43f3-87fa-8a06f3ae1f7e,not_churned
user_1ddc2c24-131a-412d-bf6f-5f904cc5d668,not_churned
user_1e7aa5a8-cd28-46ee-837a-a39af5084f89,not_churned
user_1eaf6c7f-d941-4a69-95b3-655679849f19,not_churned
user_1fb8527f-3268-4e72-87a7-40f49b997050,not_churned
user_1ffb9e03-94ec-4060-98b5-07104368b987,not_churned
user_203a9ff7-cf61-4b38-9d17-59760b084bd4,not_churned
user_204196e1-dcec-444e-b596-3ce0b34ba70e,not_churned
user_207bb5fe-3b90-4229-b1ac-c6d5b87d5a63,not_churned
user_2103f334-357e-4217-b838-b167bb180ecb,not_churned
user_2133e491-e9a7-4ad0-8280-46c4da0860e8,not_churned
user_2190b7df-6470-4610-8e04-496cd1d837f7,not_churned
user_219299a1-4f93-48e1-98a6-4f31798224f5,not_churned
user_21aadf75-78ca-43fb-8d75-a93ed6befacd,not_churned
user_21cf51e7-f9d7-4824-885f-bcb1926c8de0,not_churned
user_22435d89-196f-46ae-a4a6-d9c960e61694,not_churned
user_2248c72c-f4d3-48ab-b583-8cc22e621c59,not_churned
user_22504348-f81c-4b91-88b5-c6cf96687a8d,not_churned
user_227d900f-78a8-4e06-9ab8-d2ef72ed2414,invol_churn
user_22b40174-4b50-4ebf-a6b8-b4d93fadae81,invol_churn
user_22e4a98a-5d7f-4532-b3e8-e46784a5c112,not_churned
user_230fbc0c-fbfa-4534-8617-8898b4670d2a,not_churned
user_23260cbd-1a3e-4557-a458-4c38ea84e173,invol_churn
user_236cc05b-fc3a-40f4-88ae-fd13be82e820,not_churned
user_2407b70f-d850-4b4b-9050-e1c79878bd7f,not_churned
user_245674c1-73e2-4d6b-88ee-de54e3c5b02f,not_churned
user_24787652-6f44-414c-b0cd-799cc5e98372,not_churned
user_24906e00-91a3-4beb-a1a9-cbe069daced2,not_churned
user_24d2da2c-2062-4216-87f6-0fffcedaa649,not_churned
user_255a3599-5bcd-4d9a-b814-636815430045,not_churned
user_259966d2-41a5-4b28-9eeb-420f659e4b67,vol_churn
user_269da9cc-66a5-4eab-8550-ae8885e9dd4b,not_churned
user_27073f26-0d1c-48a3-ad00-f7bb94df3b92,not_churned
user_278ba542-c535-4193-9873-37ac24b72618,not_churned
user_28057499-9375-467e-94fa-b52802574749,not_churned
user_281e1e9a-3611-428a-b0ce-e1eb226c7648,not_churned
user_2831fb8f-147d-49a0-a0e5-4a72276f8ecb,not_churned
user_29d178a2-f2be-498c-b096-43bc4685f21f,vol_churn
user_2a5d9ad5-f0be-4b4e-b939-5f04273f6f1d,not_churned
user_2a7e5f5f-0eba-47b4-8395-d683d4d9a374,not_churned
user_2a7ff642-807a-49fd-8da3-f5a1ae29fd5c,not_churned
user_2ab23c1c-4b4c-4ad6-8c0c-2bbec93481be,not_churned
user_2ac0f34c-9dfd-4eef-823f-e60c2de1cba7,not_churned
user_2ac8b27e-3425-454e-92ef-01b9932de000,not_churned
user_2ad4af48-8823-4860-a0c8-e2fd7d9b5053,not_churned
user_2bbd4bff-87bf-43cf-a04e-1d54bcefd0a4,vol_churn
user_2bc79cdf-72bb-447a-bb0f-c41b97aa08e9,not_churned
user_2bdbb28a-9521-44fd-9425-57249dbeb8c0,not_churned
user_2c0b1668-71b8-4b18-8ea7-2a96e6dbf618,not_churned
user_2c32658f-b660-484d-ad26-9117e3ffbb8c,not_churned
user_2cc56c8c-6548-4c7f-bd17-e3fe6caeab36,not_churned
user_2cdfe65f-706c-4e88-a2da-0b075fd7e901,not_churned
user_2d637b19-3ae5-43a3-9e7b-3480397d517f,not_churned
user_2d66dad7-618c-4a2f-b9c3-f2c9549112d6,not_churned
user_2d6b46db-8e27-44fa-aa6b-23ae6e0a1195,not_churned
user_2d782ad3-51d7-499a-8ee3-2e1c498a8057,not_churned
user_2ee7351f-a647-4cec-8b65-05b3012c65f4,not_churned
user_2ef7fb6e-15f8-4793-a282-f3fc7e9ac6f8,not_churned
user_2f093f7f-d928-45c7-bc2c-1308b18734fc,not_churned
user_2f204c28-7e07-4663-895e-c6f52ef953b7,not_churned
user_2f21b914-d043-4a87-b3e8-c9429ac111a0,not_churned
user_2f2bc6c2-5fb6-418b-91b8-3aba54e33056,not_churned
user_2f6049b7-6032-401f-97f6-13cef2b072ca,not_churned
user_2ff63ae1-e5f6-427a-b3b1-1b2f4365095b,vol_churn
user_305e39f0-7102-4b1a-8a60-94bf9a1485f4,not_churned
user_30706cab-966e-4b75-8d64-05f3f985e34d,not_churned
user_30880025-5d54-461c-a244-74d3eea61d98,not_churned
user_30b81379-9479-46ea-b9a2-782e19d5972c,not_churned
user_30d93490-564f-4939-b120-cf9f1a613ec7,not_churned
user_30dede92-11a9-4c21-b039-ef7badc12004,not_churned
user_318ecf93-3f5b-4706-8a60-3d9a8c128cbe,not_churned
user_31a5e168-d614-425d-a257-0e8853725186,not_churned
user_31fed4cc-6891-4fb8-b497-a24359ccbf30,not_churned
user_31ffdfd0-a762-48da-b7bf-85478b4b67b1,not_churned
user_32116dcb-b08c-4446-9ff1-15195cae8ee9,vol_churn
user_321998af-88d6-4e95-8ff2-34ad21bf4cb1,not_churned
user_324406f6-3710-47fd-871c-a39d55d91591,not_churned
user_329ed716-2f53-429d-a1df-b738ee2e429f,not_churned
user_32dccb68-8151-451c-926b-dbc46a4782f9,not_churned
user_33f28268-c17c-44b9-a77c-9ecaadc25ed9,not_churned
user_33f72f16-e27c-439e-b049-6cb1ff63e876,not_churned
user_34322179-0e87-4637-9c39-8e0705a77b08,not_churned
user_34622e71-9b23-4f8e-ba15-30e2e742cea2,not_churned
user_34723363-112e-44f3-9654-519325621035,not_churned
user_348ca1d6-2408-4318-8422-ba4aafb709c8,not_churned
user_35192f1d-1281-49d2-9049-1d961a998c88,vol_churn
user_3565395a-0af0-4ab1-ae9d-bc26a5248865,not_churned
user_3575f289-13f1-4192-b6ff-8277b4714abc,not_churned
user_36388a39-87e6-4c6a-a69c-6fbd1df48d0f,not_churned
user_367cb9d6-a73a-42ba-93a1-9d8dd590a899,not_churned
user_3686529b-3e0b-4651-8591-aaa43ff88e79,not_churned
user_36ae177b-2a3e-490b-bc96-cc02fe49a9d4,not_churned
user_37027210-4816-4b51-b96e-8e69eb6e9e4a,not_churned
user_370c8ad5-7535-4f14-8c67-65fd8a33ee85,invol_churn
user_3731bfc8-7c45-4b35-9d65-153a3156cb61,not_churned
user_37ad044c-1aba-4f75-b3b2-f87d070d99e7,not_churned
user_381516d5-be2d-448e-ade4-c3c66676662a,not_churned
user_383efffc-fe2d-4426-87b0-1495c328e983,not_churned
user_388acc8c-3994-4dfe-b691-eed5a8a604f9,vol_churn
user_3892a01e-236e-496e-91b1-331e8278d39c,not_churned
user_38aac0ad-0666-4790-8000-7d01475a02b7,not_churned
user_3904f59e-9992-40e1-ab4a-6b717600e3db,not_churned
user_3910d16c-83f0-43ba-a701-feb95211f400,not_churned
user_397f845a-bfec-4f89-8802-6dba0eecafa3,not_churned
user_398dddfa-ff9d-4887-9060-70d8a6872012,not_churned
user_39afa1cd-276b-4229-be53-c72c2dc05560,not_churned
user_3a5e7a68-6477-4da1-948a-dfb32d04cfb8,not_churned
user_3ae02b41-5146-4acd-a65c-eb9a7745fe5c,not_churned
user_3af3b174-c825-4b48-889a-0c3dfbf75cbb,not_churned
user_3b202586-71f7-49ee-b942-5626f573de77,not_churned
user_3b2ea617-0b94-44bc-ab87-a94cda86d368,not_churned
user_3b81d58b-f2a1-486e-9da9-b8a70c83f0f8,not_churned
user_3c331ec6-33b2-47c1-81f2-7e6f39e6dcad,not_churned
user_3c373866-e61d-40ec-881b-80f7ac598776,invol_churn
user_3c649cab-f8e1-4e85-bdf7-3f721007bb78,not_churned
user_3d18cbd4-474e-49ca-8e7b-cc4b19bc757a,not_churned
user_3d2d64aa-ae85-4e59-8cfd-bfa0b9f06a74,not_churned
user_3d3f7528-d1a1-409b-8ba1-61a00e58af4b,not_churned
user_3d5ae03a-8962-420e-bcab-dc21011a392a,not_churned
user_3d62b89d-396b-4d77-bbd5-69a38a47910b,not_churned
user_3e03ccd5-0c5e-4b32-a9b3-4bec7aad673a,not_churned
user_3e64dbf7-c688-402e-9704-edcf31ff5636,not_churned
user_3e76ece7-6bd1-456f-bcf3-3fd284092efc,not_churned
user_3eca5cf2-262a-4257-a9ea-0758e378ea15,vol_churn
user_3ee4d151-c07e-4ad2-8d5e-c0747de4cd85,not_churned
user_3f279cc0-f2f9-4418-8750-93f1174b0e8c,invol_churn
user_3f95332a-2cf7-452b-81db-e1e5d75c0a28,not_churned
user_407be23d-e513-4a7e-ab12-dd0accfca1f7,not_churned
user_408555c0-3c3b-4ba6-88f9-9273cb05e45b,not_churned
user_408e9056-d982-4cfd-bdb3-7a56ea6f9ddc,not_churned
user_4099eb3f-5460-4545-beef-c69dae7deeb7,vol_churn
user_40e53142-ec6b-4db3-99f1-94b87e2ed98c,vol_churn
user_40f8725a-33f1-4c55-a798-c413e923e440,not_churned
user_4155066b-9cd0-427b-847f-f4b963f7e0c2,not_churned
user_419b14ae-b7c2-45c0-879f-1c7bc2b8ee99,invol_churn
user_42af1fb7-8f7f-490d-94d7-6db78ac227fe,not_churned
user_42b515ff-d18c-41d7-a505-4c29d197d64e,vol_churn
user_431cc324-ea0c-4947-9d1b-c267561b4270,not_churned
user_438c2556-f7a1-4d8c-a4ac-2be756ad40aa,not_churned
user_43a16926-863c-4859-8346-bb6127534c5c,vol_churn
user_43ea55fa-23f4-4d40-9a4a-e2c1be5c7057,not_churned
user_44025017-8784-42b3-9d2f-90e0502af1e4,not_churned
user_448cd46a-4ce7-455c-bf50-7cd887667d61,not_churned
user_44bc9d55-3d88-43bd-9dc8-4dfcbe820fc1,not_churned
user_450e23f8-c0de-4277-8121-03d0e3df0cc3,not_churned
user_452811ef-399b-4a84-aa0b-93d4bf165622,not_churned
user_459ec8cf-052e-492f-a8ed-f8f3aa2e88ff,not_churned
user_46368715-c894-4d30-b482-86d60e40fd85,not_churned
user_46a5a398-7751-4d18-b953-34f4e0560ec1,not_churned
user_46ecd44b-f966-4167-b58e-48ee8f33050b,invol_churn
user_479dc62c-e111-46bc-9dec-f2fabdbccd5d,not_churned
user_47f2027f-0275-4e3a-a0bc-30568a99dfa0,vol_churn
user_4837e1ba-b90e-463b-9ea1-dba08e064033,not_churned
user_484f8167-e56f-4224-ae12-136238860a8b,vol_churn
user_4911c4ae-e0ff-42f0-858f-ceae4ff3012e,not_churned
user_4965dffc-8bdc-4bb6-a2c1-3381bb67f9cc,not_churned
user_49bfcead-d0dd-4370-b34a-e016b3f3ed36,not_churned
user_49dddfb3-8122-4856-a5f7-f658cace2ac9,invol_churn
user_4ae05a69-94e0-489b-ad22-a1f77f85b927,not_churned
user_4b0ecffc-aa6c-44fe-a762-a5ce84464ab2,invol_churn
user_4b31d6e4-488c-4dbd-9549-1da7c6f8cf0e,not_churned
user_4c377549-3933-4489-ad96-e1364d24edd6,not_churned
user_4c974c0a-b5ad-484b-acd5-ae692c32a8eb,not_churned
user_4ce8f268-8ed5-4592-b0bc-e42ed205e1ad,not_churned
user_4d54c297-1d97-411b-be7e-d34cf501c1f5,invol_churn
user_4d5f9587-0407-414c-9ef9-0937f98efb03,not_churned
user_4d6e363e-6088-4e06-ad33-bef42d58b8a0,not_churned
user_4d777906-cc16-47df-ac4a-3a7e4233c9e1,not_churned
user_4d8e09e8-d98b-4875-b1d9-983598d13517,not_churned
user_4d99ca4b-dafc-48f7-8fdb-cce5df93a3ff,not_churned
user_4d9c4e98-815a-44bc-a161-c03204e6a0cc,not_churned
user_4dbe7949-14b6-4c60-8501-b44085974de1,invol_churn
user_4e0d9b73-56c0-4720-8524-9b37348e981d,not_churned
user_4ee714d9-3f54-4490-b059-b75df186d9f3,not_churned
user_4f2236d0-4142-46da-ae79-99f10860b89f,not_churned
user_4fe84bee-4cfd-4f72-88d6-fe30025eb22a,not_churned
user_502f67d0-3984-435b-9e53-42c9d4ab20a7,not_churned
user_506b553b-d8fa-43ea-9b1f-0c3302353ce0,not_churned
user_50a4cde8-238e-42ea-89f0-b56ba21ac1f9,not_churned
user_50c03f30-e7fa-4ddf-9ae2-9f22a4b13f02,not_churned
user_50de6bfe-2be9-438a-bc04-c22902c5b574,invol_churn
user_51104688-aed2-4dad-ba52-1d3bc2a7ea0d,not_churned
user_5114b76e-c864-475c-93e0-342b3842dca3,vol_churn
user_51161862-4c08-4cc1-bd7f-a416c997841c,not_churned
user_51433721-cd26-4cea-b43b-9ef747834e1f,not_churned
user_51e1b34d-d38a-4143-9d64-73bd7a86cd84,invol_churn
user_5256b749-8ecc-452c-af57-aad880f02ffb,vol_churn
user_52667fc7-2c99-497e-92ac-ffd4c4e154c4,not_churned
user_52a7de31-9adf-4c11-acdc-27eb2acd023d,not_churned
user_52db2c31-29cd-43e0-b516-3f4c9a744449,not_churned
user_539b09d8-28e7-4644-ba19-d9770e1b9bb7,invol_churn
user_53e53d6c-fec2-4fae-87d2-da06cc9b39d6,vol_churn
user_540ad0d5-5c3b-4c17-a74b-20e4a17e3bda,not_churned
user_5410fdd0-ea86-46b3-a321-978a923f3f5f,not_churned
user_5444da04-e7a6-48d9-af56-dbca553538fe,not_churned
user_54aa9731-6944-468c-88b7-87998f38e32b,invol_churn
user_54f4e2c8-2e52-4c36-bc49-bfa65d5a0929,invol_churn
user_55154c8e-f617-4585-8665-1caa687b4da9,not_churned
user_5528bec6-79a1-4fc0-9c65-a58b9501b454,not_churned
user_559a47a4-0a49-4fda-a6e9-58c9a6d8068e,vol_churn
user_55a3bb69-5755-46b8-9772-ce5a19c66791,not_churned
user_55aaf4fa-922f-4367-814a-5c6a630895b6,not_churned
user_55deb9cc-634d-4900-a959-937e4152c65a,not_churned
user_560c431a-346a-498a-932f-339a0fb8ed87,not_churned
user_564bdfe8-e327-4b87-b050-463f16ffb7e9,not_churned
user_565755ec-25d8-4740-b974-d01472d90e1f,invol_churn
user_578b028f-9b0a-4bf2-8d2f-727b7a4bab73,not_churned
user_57c9b6dd-fded-4f16-8d4c-780765e7a290,not_churned
user_57d7bd17-3c68-42b2-aa4e-290d76228e43,not_churned
user_57e1572d-4f9b-406e-967e-82ccc555cd91,not_churned
user_58063360-d0c3-4815-9d5e-d0e0dcb27531,not_churned
user_582a54d5-7343-42fd-8c18-28aad735fe3d,not_churned
user_587ee787-ccc9-4492-a56e-2939fdea7da8,vol_churn
user_5889c6ae-a4b1-4c19-8474-993f8d8ad4e3,not_churned
user_58e6cef0-4736-46f4-99dc-91f8c98211b9,not_churned
user_58eb67ff-57f7-4ba2-a5f5-ba526704b6eb,invol_churn
user_59548c46-552b-497e-bdbe-bc23ff806cd1,not_churned
user_59ef61ac-06a5-4916-b7f1-8c41014bc5cb,not_churned
user_5a0068d5-5aae-4180-a6c1-71932aca469a,not_churned
user_5a0f16aa-cab0-4f00-a71a-1d786b9cc2d3,not_churned
user_5abe3c55-c02b-432b-b1b4-9de30e1e2fa2,not_churned
user_5ac2276c-bd55-4241-919c-cf612a29b2d4,not_churned
user_5b31b86a-7d00-475d-852b-e4e396154f57,not_churned
user_5b7a565e-09bf-44d3-a42f-2d00cd7c97e1,not_churned
user_5b88850b-7ee6-4dd4-925c-8b4e84c3f2b3,not_churned
user_5c212965-575b-48a7-ac27-8a8fb476e456,not_churned
user_5c2590d2-f862-436a-964e-5055bc28030f,not_churned
user_5c86f2d8-0105-4c2f-9cef-ee5e579aafe3,not_churned
user_5c87d52f-403e-4833-9741-844ee09e6abe,invol_churn
user_5caeea9b-5ca3-4bb4-b9f8-f774e374c703,not_churned
user_5cdda1ea-0088-4820-8de0-b68a37955320,not_churned
user_5d15d2b1-0a4f-4935-b05b-997a1960703b,vol_churn
user_5d60a5f4-4556-4a6b-be03-0e938ac13e04,invol_churn
user_5dbad93b-6624-44e0-b078-3f6a317447f8,not_churned
user_5dce9690-dac3-4fc6-a06c-702dd1fcd260,not_churned
user_5dfef8c3-de30-4a45-bd9f-3c51dca69fa3,not_churned
user_5e5d7df2-d949-47bb-9efb-96730fdc0083,not_churned
user_5e81b074-b55b-4e85-abae-ab7ace3ceb06,not_churned
user_5ec32f3e-611b-44e0-ad9a-15ee7c7ec5f4,not_churned
user_5ec4fb9a-ca99-4231-a69e-d9383dfbb89e,not_churned
user_5eed4b13-596b-4ed6-97fe-4265dfce2b01,not_churned
user_5f11870e-f4ba-4a56-bb21-d04e61c6a2c8,not_churned
user_5f43283a-6b3f-4a3b-a868-dfe4e4981aa4,not_churned
user_5f61f218-1202-4f8d-9b1b-031c72033a84,not_churned
user_60428696-1446-46d7-9d3d-427a2e6b0dd4,not_churned
user_60cbf4a0-ab42-4922-bc3e-b095dd667280,not_churned
user_60d4b26f-9854-4c43-b933-22e9885a3faa,not_churned
user_60d98b26-318e-4445-890b-e02f77ce38a2,vol_churn
user_6102e2d8-196a-45de-9b31-21625ceea741,not_churned
user_6122500b-27ea-46d0-bf4f-130ea79b7dbb,not_churned
user_6175f4be-a404-4c67-9df0-35be13b34421,not_churned
user_617b0ba0-71d1-4997-9a71-f9206cbc9d94,not_churned
user_6183975a-9de7-4a13-b2d7-f2509044cb6a,not_churned
user_61dab8da-bbac-45ed-bf38-d0a0fdc2449d,not_churned
user_61ea308b-13aa-4da6-af4f-bd145f2b8c85,not_churned
user_62346a8d-4530-412e-8d02-a2690e67828e,not_churned
user_629924f9-0db4-43cf-a130-d207ec4334ba,not_churned
user_62e356c4-3111-4662-bef4-807e3aeb6067,not_churned
user_62f6675b-330a-4798-890d-6cf82180da38,vol_churn
user_6313eb2f-af38-49d3-8602-f6edb3bc204e,not_churned
user_6358e26b-be5a-4690-a73a-09dc9ae6f278,not_churned
user_63694b54-ec41-4956-a5ca-3343149a227b,not_churned
user_638716e2-c917-4763-a196-2a95a0103cce,not_churned
user_6406dd36-9a65-45cf-8c5a-8cbcbaa74b7d,not_churned
user_64cfd551-26d5-4035-8f97-57a3e18ea69b,not_churned
user_64fdd973-0199-436a-baaf-69e2f8769155,not_churned
user_650e0f87-0d2f-431f-b119-98525a36f4bf,not_churned
user_65528e56-9827-43e7-897f-14745e6f2276,vol_churn
user_6695b5fc-2a14-401e-ba06-8f3d10284265,not_churned
user_67488329-30f0-4475-9eca-eba85b42f53a,not_churned
user_67b43ddc-3c57-4e3f-8dde-5e6fbca9b0fc,not_churned
user_67bfb548-cc03-406f-b4c6-6ef128a5b821,not_churned
user_67e561c3-99fc-4b8d-ba79-a189f94f4ae6,not_churned
user_6805bfa1-ef5f-4391-b3c2-0276a65c4553,not_churned
user_68143582-328c-44a8-8e9c-082d5185691f,not_churned
user_684a5d10-14f0-47c7-a5b5-f6d7f8a849f3,not_churned
user_6866d152-1bd5-44cd-a6dd-e27a002ae4f1,invol_churn
user_6949898b-1eea-4d7f-a733-cb3b26314491,not_churned
user_69d6a77c-9b28-4500-94f8-8f3520dfdc60,not_churned
user_6a048a2e-a134-43d3-8113-0ef9ef620214,not_churned
user_6a4f6520-d128-4461-bafd-c88c22d46a6c,not_churned
user_6a89ce52-9d01-4cdb-9b49-c7f6034663ba,not_churned
user_6b123733-49ae-4d38-9a35-f1941772a766,not_churned
user_6b2f1694-f758-469e-ab5f-4e549f2e439f,not_churned
user_6b615de2-8ac6-4d50-b33a-09751b878a24,not_churned
user_6bad30f0-e002-4f8e-900e-20df12d89a5c,not_churned
user_6bb1254e-77b4-49b8-bb2f-0619ed5d1df2,not_churned
user_6bbdffc7-32b3-4289-80db-d515ec43ece9,not_churned
user_6c0e76a2-6e47-405b-aa9e-a886c99d83da,not_churned
user_6c1e4fab-9b7e-4518-878f-5d4289a7e467,not_churned
user_6c339fe3-52ed-46d6-ad7a-ef89be002d80,not_churned
user_6c4af558-deaf-4815-ba1d-9a03a50b3d7d,vol_churn
user_6c89d046-561c-4c1b-bd83-cc7633cf7e06,vol_churn
user_6cd91651-aefc-43fa-8c62-7d341ee96362,not_churned
user_6d640fcd-0eb8-4e3f-9213-3a7a05a3fce5,not_churned
user_6d725a29-d57f-44ee-8285-cc4f7ad97136,not_churned
user_6db0149e-f5ee-431e-9704-a3b580d6140f,not_churned
user_6dfb747c-4a0b-4f74-a405-bb5304a8570a,vol_churn
user_6e0110af-6e2c-4d1e-ae70-19273fb61186,invol_churn
user_6e2f507a-8cb2-41fc-bb07-453734fb6cda,not_churned
user_6e374341-2340-423b-aaec-08ef8b4ef341,not_churned
user_6e662bb1-33cd-4237-a87d-4c06708dbde1,not_churned
user_6e79f3cb-3a13-414e-920d-e1d90a6c73c8,not_churned
user_6e870e46-1b52-40a8-aeb2-5c31bf7c5d08,not_churned
user_6e9c2051-c918-444c-9e61-ebdbe46b38e4,not_churned
user_6eb50f35-f123-47f4-9b5d-356f7e3f2fbb,not_churned
user_6ed94c69-7f60-44f0-8c40-a68d706eb1a7,not_churned
user_6edc8314-12a8-4923-b02f-49df6ab29ee6,not_churned
user_6ee6037d-82a1-4d02-bd95-72455dbcc7e7,not_churned
user_6efd72fd-dacc-4c90-a164-de50469fee98,not_churned
user_6f07de40-6e08-4eb3-905d-c20a24037dcd,not_churned
user_6f123c85-3fab-458d-b7b0-0e18941ebf9f,not_churned
user_6f6abdb1-637c-4925-82fe-a3413e3b9d5a,not_churned
user_6f895586-2d7e-4924-b831-78c814e5a1e2,invol_churn
user_6fcf7bdd-5ee2-4d2c-88c9-6eb58bf4203e,not_churned
user_6fd147d1-5935-419b-a8c1-be1163c195b3,not_churned
user_6fe24894-9798-424c-9970-78ba0f5c365c,vol_churn
user_703223ca-cb86-40a3-a310-f5c9f71081e3,not_churned
user_704bb5e8-bc09-4311-9adc-c716da3d64c0,not_churned
user_7053579e-7411-458b-a431-2daadd1b185e,not_churned
user_70925944-0d07-4032-8a48-b3df539d0e93,not_churned
user_710079f6-5ed6-48e1-ba32-2e4e4ee473f4,not_churned
user_7104c858-b287-4785-a0de-47f9bd1fb407,not_churned
user_717d1236-2278-47a0-928b-ac86ade13fb5,not_churned
user_71977952-6497-4b6a-8fb7-f166917a93e0,not_churned
user_71c40e3e-2211-4083-9cd6-cf4ecf77f474,not_churned
user_7247197a-3a0b-4ccf-90a8-7182db461509,not_churned
user_726f41fc-1e8e-4e32-88d5-d50d2d4b0075,not_churned
user_72bf498f-4790-42df-b983-a9a7d4df900e,not_churned
user_730cb282-75ec-4cda-80c1-37d9d41c923f,not_churned
user_733305b8-a79d-429f-9faa-e5e69294e976,invol_churn
user_7372a0f0-8256-4045-968b-a8cae1a18ff4,not_churned
user_74874ff3-86be-46ec-b429-4e042cf8acf3,not_churned
user_74bd18ec-3b77-4a88-8c3e-4eed1e4c4a65,not_churned
user_7523701b-ef7b-4acb-abf9-1f445a32b903,vol_churn
user_75463e7a-b82b-44a4-8c41-782d18ba6bde,not_churned
user_754bab60-54d6-4b17-bb69-232be57e75ad,not_churned
user_75fd1e1b-e355-4d20-ad14-a0c96db3129b,not_churned
user_761b588c-9c27-41b9-8349-09d4fbc66ad4,invol_churn
user_7626be49-803d-4940-8212-f2b98dede6ec,not_churned
user_767bcef2-725e-420b-bf3b-a376a0f32fd9,invol_churn
user_76a7e66e-31e2-4745-b2d6-03333a0239cf,vol_churn
user_76e060d1-4a06-40e6-a87a-2745f417b68c,invol_churn
user_771032a2-e019-4189-a268-24b37a15903a,not_churned
user_7755ba26-bc12-40d9-b323-d5ed62c0d3aa,not_churned
user_781fb825-b957-4ff0-8d77-48b7d173d7fa,not_churned
user_78202446-0883-4866-9989-f186dc3e160a,not_churned
user_783c7541-6cc0-4401-8db5-0ce329159881,not_churned
user_78ad2a82-feb3-480a-9926-89a7f3008b32,not_churned
user_78d53d3a-b5bd-42b1-92f8-bd51c1d6bd5b,not_churned
user_79940e46-d551-4739-9b78-36a3c6600d81,not_churned
user_7a3613ca-91ae-4af2-a936-54f5443a10b3,not_churned
user_7a4a4fbb-3495-4542-992b-e02aa34181c3,not_churned
user_7a73e56a-fb19-4ce5-9435-36d4f378af1a,not_churned
user_7ab4d76f-d45c-40fd-9143-ff597a99b080,vol_churn
user_7adb573a-23db-4475-b8bb-7115ead0960f,not_churned
user_7b13cee0-ea4c-45a4-9780-a96d397008c8,not_churned
user_7b1df92b-ba70-4bf3-b9a1-f2e6c7e927a5,not_churned
user_7b2f997b-7bcd-49f0-8f53-f7774056d334,invol_churn
user_7b49ac3d-ff29-41a5-9890-c0862628258b,not_churned
user_7becd70a-7c76-4ce6-a319-75f24c630b1e,not_churned
user_7bf354db-2b1f-4ec2-83f7-0d16f7b39749,not_churned
user_7bf5d9ff-6d8e-4cf5-b5f3-19aa337fb88e,not_churned
user_7c4c7b4a-bc02-47a7-aa95-f2de56bc81c1,not_churned
user_7cb2f291-dd6f-4f95-9d2d-7e62d321979e,not_churned
user_7cd90e79-8d4b-494f-92cd-3cf2a9be0ddf,not_churned
user_7d2121cd-278d-41e9-b9f0-94802cd09246,not_churned
user_7d36a4d6-7f7d-4f5b-a734-af5ce06c9a55,not_churned
user_7de67b92-f686-4e33-a02c-c9915c756797,not_churned
user_7e15636a-3f72-48ac-9864-db86819f3e21,not_churned
user_7e72baa3-e50c-4f79-9806-1ac3ae2e8018,not_churned
user_7eae03e1-a376-4508-b674-b4c521a0919d,not_churned
user_7ec1dc7a-d254-4d20-bcf7-887de00f4a8a,not_churned
user_7f11a407-5fef-4d69-b88a-d543d66135d1,not_churned
user_7f1fd9ea-ac80-46c3-afd5-320776877a77,not_churned
user_7f484c35-7c77-47bf-8972-0d2e5bd23eed,not_churned
user_8012f60c-67cd-4a7e-8958-bcc90bb53452,not_churned
user_803cf776-d07a-4de6-91db-af81d432da88,not_churned
user_808d2c80-512f-4b66-8118-00d913422da0,not_churned
user_80e77c45-d447-4f83-94cf-2f1e85d838ad,not_churned
user_819d6345-ff0d-4d4a-9101-83c968ade4f6,invol_churn
user_81ae5871-dbe1-43ab-91b2-d98ead6cdacf,not_churned
user_81d5ced6-bb0c-4d6e-9c9a-74dcd4b3ab0b,vol_churn
user_8237f9aa-9ec7-4781-9209-ab50ca79c666,not_churned
user_8253db07-36ad-484c-b6de-ddfb5d9c4c07,not_churned
user_825de20d-5cd2-4b81-b8f8-7b054571f0af,not_churned
user_82a0c21f-61e9-444f-a1c2-491ee974e603,not_churned
user_83291f93-3c29-4fd4-a9c0-bd12fa5fec48,not_churned
user_83624a7d-b65d-442e-8518-eb65d4f40675,not_churned
user_837d5363-a286-4926-82b4-ba02da42a2b1,not_churned
user_8393ab2e-ceba-413a-a631-84864d47471c,not_churned
user_83e80004-74db-4d59-90ce-e699416a20a0,not_churned
user_844bc5ef-f8aa-401e-8589-1b3da61fc498,not_churned
user_8479e6f9-d536-4413-ae29-b1e173ae681d,not_churned
user_84d5def4-05ba-4742-967a-b7d606693fc7,not_churned
user_8525132b-cf03-4fdd-be82-15017c25e864,not_churned
user_8537a650-1760-42a4-8b12-db07677d90d1,not_churned
user_85603460-9e3b-4ede-becc-03658f96f013,not_churned
user_857947f1-ae93-46fa-8d5d-7270d686a89a,not_churned
user_85f4d9cb-2a99-489d-b9dd-1040261e1865,not_churned
user_861f23df-46d2-42a9-a918-45e9e95ef1cc,vol_churn
user_8672eea8-fa28-424b-bf83-360f1ce28afb,not_churned
user_86ef812d-55e7-428c-9398-da1c16071336,not_churned
user_871620b4-d595-47ed-8fbc-b5dc5b1d830c,not_churned
user_871e8ba5-e45b-401c-84d8-d73f364ad92a,not_churned
user_876d30a7-6e18-4d83-80d9-f371886d39ae,not_churned
user_8798d87c-75d0-4833-90d1-edaf28899394,not_churned
user_87f82b4e-bace-447d-ac09-d634cba4f5bd,not_churned
user_881d2b95-11df-4099-ab9e-797120bbbfae,not_churned
user_887046b7-28cf-4070-b424-f2ed69c62749,invol_churn
user_889c0ecc-c301-4e4b-98d1-3a3c394902bf,not_churned
user_88e7f0e4-17bf-46b2-baeb-3648b7688df3,invol_churn
user_8916f1cd-2c6c-449c-bdf5-d4c4ce5ad5be,not_churned
user_89362dd6-5974-414c-b9a2-1921a4c24b3a,vol_churn
user_89727b8f-6a44-4076-88ec-55aed646fe80,not_churned
user_89e6de1c-85db-49c9-9216-3216cecf0da1,not_churned
user_8a009e1e-e9c7-4f47-9ff9-e286e192451a,not_churned
user_8a332913-0aa2-4b54-a5fa-9aa1131559b0,not_churned
user_8a4659d7-c2dd-4f95-9946-2891b8bbb9d3,not_churned
user_8a4a7e90-4c76-4329-a455-0dc9e53b6007,not_churned
user_8b0b0e9a-3200-4ccb-906c-f64224917c6b,not_churned
user_8b4b8e33-6669-488f-95a2-50175e1f8070,not_churned
user_8c2be075-c7b5-4972-9f19-5ba02528a5ac,not_churned
user_8c4bb8ec-a1c1-43e8-9960-73547420df65,not_churned
user_8c7dd8cc-7454-4130-8664-a28bb09db47f,not_churned
user_8c95127b-8377-4379-ba5c-be07667e2b9d,not_churned
user_8ca487bc-92e7-48f1-bda0-c61d8d8b5cd4,not_churned
user_8cbf6290-8a4d-44fe-bf77-028f4f6872d7,not_churned
user_8cc34305-22bf-4609-a783-a6ca53a4db20,not_churned
user_8cfe87a3-56dc-424a-ab15-30e704256f64,not_churned
user_8d250dfa-3259-464d-827d-e8e046d3c923,not_churned
user_8dc5ede3-8db7-4370-8414-98d6aeb03d7c,not_churned
user_8de85df2-1254-4e5a-ae3e-86220523538c,not_churned
user_8e021822-05b8-49de-9a21-663e68a2489d,not_churned
user_8e0aba28-67d0-422f-97f0-c7b8b61f1d2a,not_churned
user_8e16b98b-5e80-4eec-b6b1-5893ec2eeab4,not_churned
user_8e2c5910-774b-4409-8cb5-4844e591b9e9,not_churned
user_8e581d94-7306-4552-b768-9c1bd6fac2c2,not_churned
user_8e6d0dc5-51c1-4c42-b01d-cb19468115ff,not_churned
user_8eb7ab2a-d9be-4738-81b6-c4867330da96,not_churned
user_8f54d398-cad9-4069-a9a0-2b3d58de2e6e,invol_churn
user_90becc8b-e413-46a3-a268-486dffd6e607,not_churned
user_91239763-6848-418b-8e08-553b2a80a2da,not_churned
user_913bdada-cd28-428e-aee3-0283262a3da6,not_churned
user_9145605c-bf31-4e91-84cd-b978c8877720,not_churned
user_9190e03f-eec3-480c-8d15-ddf628a0c073,not_churned
user_91b26284-9988-480d-83f3-2e25dfdd1bd2,not_churned
user_91bae98c-c9f0-477e-8df9-9e04ab31bc08,not_churned
user_91cf03f8-4c4f-4703-aa85-35d17187560b,not_churned
user_9219ebdb-cfa4-4cde-806c-4afd6bf58768,not_churned
user_9230817a-2d41-4290-bb1b-74be121980a0,vol_churn
user_927c82be-0cc1-4f6c-a994-c957c8b6f63a,not_churned
user_9342b2a2-5d1e-4a64-be8a-b9b744b909ab,not_churned
user_93f1d3c8-542a-4059-af28-9fb64ade1701,not_churned
user_9422dfc9-6fba-415f-8d26-3919e8a40aa7,not_churned
user_94a768fa-eb55-487d-a561-30e7a1e36646,not_churned
user_94db1d48-1e80-4d38-950c-ba21552c704a,not_churned
user_95101dd8-29c8-4c4d-aa16-e5dfa8371ce9,not_churned
user_95ad9c0b-3c86-44c4-9507-af7acd291750,not_churned
user_95ae9fbd-8c0c-4270-8f3a-1667bed22727,invol_churn
user_95c1d02c-d572-4bde-8a95-ae0e5faeefb9,not_churned
user_95ed57f6-9662-4b74-945f-0fe75390e19f,not_churned
user_9635eb6f-8c34-42a0-9c41-450fee2e3a12,not_churned
user_96541ff0-9242-422d-8891-467aadd208ca,not_churned
user_970abe18-3a9a-4e7c-85c6-522915e7dee1,not_churned
user_97c112d3-ea4b-4b9b-acc8-31b4602dcc5a,not_churned
user_97c28943-3276-429c-87e9-6e93c4ac2911,not_churned
user_97ffed0d-b9c9-468f-bef9-e1a4438b6213,vol_churn
user_9809d51e-dad6-419a-9245-5cb12d55d800,not_churned
user_98583b33-be7e-4c69-a3f1-13d398892bdc,not_churned
user_98694d36-b1b7-4c95-ad6e-cf93f858595a,invol_churn
user_9880afc3-e315-4cfd-9187-34668b48935f,not_churned
user_98975183-b70d-4d7a-8a51-aa3567a37777,not_churned
user_99219651-de6c-408d-8647-8cb0b5977cee,not_churned
user_99788ba8-f555-40f0-af48-4b91f0a8b920,vol_churn
user_99858c7c-f145-4f97-b17a-c70e602b3787,not_churned
user_99a7435f-d804-4509-914a-d90f1eeb52ba,not_churned
user_9a1cc880-83c4-4011-853d-d7801b3e04b0,not_churned
user_9a553561-1081-42e3-aad9-de805fb30d89,not_churned
user_9a5f8e0f-de7a-424c-b115-5d4839f97eba,not_churned
user_9a621e9d-39c3-472b-9540-94cd2c49b984,not_churned
user_9a76eec5-b641-4f5d-9d47-21a18097b876,vol_churn
user_9a8dfbd0-6e54-4cfa-a056-a6c7d9dd9e7e,not_churned
user_9a9a2229-919d-4cc8-8d8c-f332c8de77e7,not_churned
user_9aef9068-d4f1-4f30-9623-bff00c6f209f,not_churned
user_9b03549c-ffbb-49ed-8720-e36baee52564,not_churned
user_9b1c250c-70d2-4d0b-9e31-1d1f4cec7790,not_churned
user_9b8624c7-ee95-4b11-9259-ae448f1a4d33,not_churned
user_9bfcc15e-4016-4de1-95fe-199c666fb318,invol_churn
user_9c0dc295-9281-4240-8065-e738ec8f1ecb,not_churned
user_9c3920d0-81c3-4b69-ad57-0e4c603cea80,not_churned
user_9cbe5623-98cb-47c4-b31b-8abb014d22f9,not_churned
user_9cc6bd46-5711-48aa-8477-f2d90fdc610e,not_churned
user_9d035aed-12b2-4454-81d9-e4a0997bfc09,not_churned
user_9d173877-e72f-4a4a-8ada-b786bd10fa78,vol_churn
user_9d7c319e-5d54-4240-b782-26245f8e5f7c,not_churned
user_9dc928b7-4d43-4bd1-814f-2b9d88f7589d,invol_churn
user_9e6a507b-9f92-4e47-8ce2-c87afadda576,not_churned
user_9e808774-3088-48c8-bdc6-6b8db7827d2b,invol_churn
user_9eacb0dc-9bb3-4701-9d4d-f67e067e8722,not_churned
user_9f068b24-71f2-4dc4-85d9-4fd9026cfb1a,not_churned
user_9f25d7ac-3005-498e-aec1-fe887d645d19,not_churned
user_9f682f4f-ac9e-44ad-b7fb-a566c1d3b414,not_churned
user_9f6def2d-b53b-4a72-848e-1eefb40d61a4,not_churned
user_9ffd46cc-a435-4d94-9567-da669d0a909f,not_churned
user_a0d47308-b40f-4c44-8429-206d3471b3da,not_churned
user_a13d98f0-ddaf-4541-977e-90a68823c65d,not_churned
user_a1736921-e317-4dc5-8aba-b317d97378da,not_churned
user_a1d6d784-9322-4735-99ef-de3ea9ccae7e,not_churned
user_a1f40d73-92d7-4480-817b-ef6274c92c71,not_churned
user_a2228bc3-5d35-43d6-a249-1adabd6d0728,not_churned
user_a343a05d-d070-4b1f-90fc-38e08133870b,invol_churn
user_a36fe39f-1266-4e44-95b4-e61ecb26a829,not_churned
user_a44ac10a-0c38-478d-a708-25386958e7ac,not_churned
user_a467b6e1-0b56-49f9-8fea-24ff17e0b826,not_churned
user_a47ec0ca-46d0-4b10-ab28-5186fa2f38e3,not_churned
user_a49c6003-a476-4985-9aea-b64fb33aa553,not_churned
user_a4abd7e0-a97a-4a8a-8dfb-ce12d1024543,not_churned
user_a514f7fb-b454-4f0c-8be6-48a99fde2437,not_churned
user_a52ff28b-d302-40ea-b05c-da67e4515c4d,not_churned
user_a54bc2c5-b606-491b-acad-5ebc0d610c16,not_churned
user_a61cc307-1664-4249-bdfe-26eceb6ba5f0,not_churned
user_a667c44b-e6f3-4def-a5a3-a27462bbac7e,not_churned
user_a66bfe74-3b4b-4141-bd1d-afd3ab12d209,not_churned
user_a6858728-b34f-4bf0-adbf-de707e15f6aa,not_churned
user_a69cab68-d952-41ed-a225-04eebac146bc,not_churned
user_a7347f11-9f1d-47a0-ac7c-0f5e0db4fbe0,not_churned
user_a7507186-5712-472b-95c8-f771ace90362,not_churned
user_a8192e15-dfdd-4fe6-8b82-7ab1cd89028c,not_churned
user_a82f6b52-e3fa-4b31-b757-c005d994c496,not_churned
user_a858fbce-10be-450e-8b02-9a29e8e89bcc,not_churned
user_a8e1f78e-8285-4a0a-af73-7ad0a83793c7,not_churned
user_a91631a4-6e64-4bfe-ac4a-80aeab5fea11,not_churned
user_a927e7fb-faf0-45ad-8616-06de921d488e,not_churned
user_a9495df5-b6d4-4898-a618-8c9c8f62de94,not_churned
user_a96bc5a5-96c3-43b4-bdc6-b124fc0f27e9,not_churned
user_a99f9715-eb0c-4811-bd76-a0fd18f09d57,not_churned
user_aa5fe4b7-9604-40ea-99d4-b97e85f0d8c2,not_churned
user_aaa5c991-f59a-4413-9a77-a740e6434154,not_churned
user_ab33c9c5-70b1-4874-987a-dd434df9a5b1,not_churned
user_aca11ac2-3063-48ee-b1fe-a99283a2300d,not_churned
user_aceedcae-e4b9-4e48-abb7-bc0e6e3a7106,not_churned
user_acf43fd2-69de-4d17-8cee-6e1ba06e59d2,vol_churn
user_ad5a9d26-6676-4cfb-a234-91c37f85ad57,not_churned
user_ad722103-0bf6-4769-ab4f-75f00536cead,not_churned
user_adcc1413-dfb1-4302-ba2b-d0d1e2981a16,not_churned
user_ae105694-cedc-4673-b9aa-f49bc6540345,not_churned
user_ae4f3c8e-e2c9-4727-9e6e-154dfceee5f7,not_churned
user_ae7e31cd-73e9-4005-80c3-aa7ae03f0a15,not_churned
user_ae847854-6993-4136-96db-49a21f6fda71,not_churned
user_aea3d266-5924-4a17-8e32-2adacbe48563,invol_churn
user_aea7a132-7c4b-4fed-b0ad-6fdf2c0492f1,not_churned
user_aeb1f5e9-61da-47d0-85a0-74a5001f53f5,not_churned
user_af1c4035-d1ec-43f2-b9f2-6354b3b9dc4d,not_churned
user_af23c1c3-017c-4fa0-a219-eeca0f57c1f4,invol_churn
user_af3cec6e-5621-4125-a354-9229ef80892d,not_churned
user_af52352d-1b9e-489a-9fd7-3fdfffae9e86,not_churned
user_af5aef57-3a6d-4afb-a8c1-62122670c97b,not_churned
user_af5e058e-7852-4047-a304-65af0058a228,not_churned
user_af9f198e-6bf8-4fc6-aad7-9c3597d6e0d3,not_churned
user_afbefc25-e6cb-4c91-bca9-9608878ed666,vol_churn
user_afc83e39-6a9c-4ae7-b53c-9cd8dc4aec6a,not_churned
user_afce4853-8295-4c06-a206-87ad5d279524,not_churned
user_afd2ad7e-056b-4aba-98cd-2e2cbd49b4d6,not_churned
user_afd7a032-d837-4dbd-aa32-49424d672a12,not_churned
user_b041820e-d506-4f28-a1e9-63704e2584e2,not_churned
user_b10181ae-98cb-45cf-a7d1-a024001f1531,not_churned
user_b1e069f1-d8e8-4b85-90ff-727c5b53c5ed,not_churned
user_b2c1d4b2-c078-493a-9a89-92d4dabdbeab,not_churned
user_b319c7f8-7cee-4887-a39c-e688ca14d604,not_churned
user_b32e7364-3b03-438d-9194-30da02d211ee,not_churned
user_b3aa27ca-7793-43c2-b15f-2e716e4a86c7,not_churned
user_b4111e1c-323c-4179-8881-f125c0f62b32,not_churned
user_b488bddd-4c06-4d1f-8d19-871cd0496bd6,not_churned
user_b48e3c2b-0336-4c93-90be-2f4f7afb94a9,not_churned
user_b4b0e578-1c6b-44c4-b187-848afefb83f4,not_churned
user_b4b1687b-1718-4100-8d1b-96feaedd27cb,not_churned
user_b509204a-a044-431a-9a95-91a2168c37fc,not_churned
user_b5304ce7-cdf6-4bd6-bba0-ac526d991ce6,not_churned
user_b6689f77-3d61-41bc-a4a6-816d2f5d8569,invol_churn
user_b6c8fbdf-2be9-4669-8e7e-be8c12d686fb,invol_churn
user_b6d4056c-8b08-4f45-84a7-2da69e83ecf9,not_churned
user_b71590d3-23e2-4b0d-b814-40b061f921cb,not_churned
user_b760cb78-75e4-4fc4-9da8-d11274745645,not_churned
user_b7775e6d-74e9-429c-af84-ba451265f00c,invol_churn
user_b77adc22-ab50-4796-b92e-d225f5c38e85,not_churned
user_b7a17aaf-cf97-4cd5-bcf9-f41334e170ba,not_churned
user_b7b7d2d9-3571-4b91-a39e-bd14a3009d69,not_churned
user_b8feaf16-0578-4e16-a9cb-b7d00036f716,not_churned
user_b9055b93-d5d8-4706-80b0-73c7af76bde9,not_churned
user_b9568730-d170-47df-ae52-e9119d66c12c,not_churned
user_b9c98999-8780-45d4-a62c-8bbbedbc67b5,not_churned
user_b9e84dc1-f48f-40fc-b1a7-9d2f82a05c20,not_churned
user_b9ef00cf-8d03-4176-bd75-27dcc6122652,not_churned
user_ba00ed4d-ae25-4a79-8dc0-e37970823baf,not_churned
user_ba3c6258-fcdb-4f08-901b-58069c485819,not_churned
user_ba4df57a-6e1d-4198-a9ba-ddce196f9fbc,not_churned
user_ba6051cb-1ed5-465c-9a5b-2fd15b065351,not_churned
user_ba66a615-aacd-43db-9ffe-9b6302eaa3f3,not_churned
user_ba8f430a-eae5-4b29-b1f6-8b5f4c0c5315,not_churned
user_baee3d71-c3f8-4ae9-8ad8-c093e0f054c6,not_churned
user_bb06dc30-4501-4725-a4ce-0ef1c2a69cc1,not_churned
user_bb30afee-5a23-4e51-ac53-ec5122b80706,not_churned
user_bb3e130f-dd7d-493f-b124-db8addde4e4e,not_churned
user_bbf7ed02-6063-4dd4-b58b-51f64d869955,not_churned
user_bc06df2a-ba74-4b8f-9346-74a14b75d3cf,invol_churn
user_bc185332-caf1-4e0c-af52-2df517093be9,not_churned
user_bcea72be-19d3-4a05-bbb8-e94ac89f8d79,invol_churn
user_bcf76034-6dd1-4eea-aaba-07c1570121ba,not_churned
user_bcfcd448-596e-451d-a7bb-ed6523948532,not_churned
user_bd55ae27-1175-4d4a-9edb-20a715276771,not_churned
user_bde9ec61-79eb-47a2-bc81-ec73c4705da1,not_churned
user_bdfc2985-3a11-483a-8f00-78e76ac675df,not_churned
user_be659cae-9bb5-44e8-94cb-9f096a47650c,not_churned
user_beaa4ebe-c824-40c4-9f1c-0924c1893b76,not_churned
user_beb3ff0e-83e4-49f9-8f68-6f8aafcce268,not_churned
user_beb940df-f574-4851-84b9-ba3c36c16fc2,not_churned
user_bed85f87-9f1c-4fd9-b8bf-955e83f6640b,not_churned
user_bedcae68-114d-4ab8-883a-e99acc225f1c,invol_churn
user_bef9cb33-66b5-42b7-943c-fac9bf08911b,vol_churn
user_bf39baea-2dc1-4b93-af5c-1469f07b40d5,not_churned
user_bf45dba4-796b-4293-9dbd-c5b19bce2f4c,not_churned
user_bf4d054e-92f1-4a6b-b725-9ff10ee1e191,not_churned
user_bf6b0b99-211a-4875-943b-2cd64fe5f8d8,vol_churn
user_bf847f61-ca6b-4090-acb3-c17b7c8a1d39,not_churned
user_bfaeb242-1f0b-4136-a443-4981ad04f72b,not_churned
user_c04f5671-9b6e-411b-8d6e-4c7b97acc3d8,invol_churn
user_c0932385-e68d-4272-9d9f-4f1b5e78165c,vol_churn
user_c0ca4151-1f71-4602-8df2-7271578f700c,not_churned
user_c0d68ef3-3543-403f-8d3a-9bebec0daee6,not_churned
user_c14af6bd-0cff-40bd-ad17-8453d1f2fb33,not_churned
user_c163eb9b-28a0-4764-a2fd-635714b8ae72,not_churned
user_c1a28884-8c24-49b1-b14b-9eabf18d0e5a,not_churned
user_c1a90d77-d2c6-4ed0-86c4-7ef7d3cea774,not_churned
user_c2469e36-5f96-4568-ad1d-f880526b6e89,not_churned
user_c2511d46-0a77-428e-96ef-da657975ba57,vol_churn
user_c26cda94-9817-4512-a09f-807921daa56a,not_churned
user_c2a52bde-1ecc-4e61-8fcf-085b401aa8d6,vol_churn
user_c2f9f1d4-02ce-422a-8fef-97c964909841,not_churned
user_c2fa677c-3bdc-48e2-ac30-b18667ea44e5,not_churned
user_c36d6517-7a81-4641-95f2-0122c5781e77,not_churned
user_c439f6ee-1d8f-486e-966f-f58202e6692f,not_churned
user_c46344e4-866e-4f28-aeef-2d5af5104d95,not_churned
user_c4edfbbe-83a4-4b2d-adae-3442b387a8f8,invol_churn
user_c4f4b3f1-1bcd-48ab-b795-87eb9732e562,not_churned
user_c4f8c774-1e03-4389-98b3-2d374c924a01,not_churned
user_c4fc18d8-a63f-47e4-931e-0177ece54f90,not_churned
user_c513ddee-6ac3-4a8c-91ad-e93b5caf926e,not_churned
user_c593c8cf-1bd8-4e8b-971c-240cbf777578,not_churned
user_c5d9f966-1696-4aea-8275-346456589e1f,not_churned
user_c5f93a85-ba1e-4506-b5c2-4c04f945ce82,not_churned
user_c666ba9f-63ce-426c-817a-3d44ffca4066,not_churned
user_c6bbf68d-dbef-4a72-a2cb-e8698fc611d9,not_churned
user_c770cd58-c7dd-48e6-95c6-e6944feb366f,not_churned
user_c7727e5f-b498-4325-94c3-2af51e7bb321,not_churned
user_c81be16a-4831-4aa1-862e-3efff36e3983,vol_churn
user_c82e9cbb-f4e5-4ea3-b33a-04a78ccd5082,not_churned
user_c8362bdb-d0f3-496f-9a6f-5823d0086075,not_churned
user_c88bf32d-72dd-451a-80c6-af5ad56a7d8c,not_churned
user_c89d6855-d185-4d18-bcb7-73d0a9bbf836,not_churned
user_c93f2b53-ae7c-4618-ae80-071b3432751d,not_churned
user_c94889fc-b7cc-402a-b3c0-362264232baa,vol_churn
user_c960661f-c882-4dff-8199-046675d2eb50,not_churned
user_c96ee6f8-bc56-437e-bf13-915fea588e40,not_churned
user_c97f22b9-7e25-4ad6-8915-ad232db3ad51,not_churned
user_c9961e96-d70c-4372-8470-c908f84e12b4,vol_churn
user_ca033adf-6bcf-4e46-b954-ccd9c48030cb,not_churned
user_ca2acdd6-9a2b-453d-a536-da2e72de98e4,not_churned
user_ca33a5c0-26fc-4921-8c6f-b12a1e066e22,not_churned
user_ca4cceac-5db6-4b7a-a64f-c4c43851ad25,not_churned
user_ca6340e5-ac80-4bb5-a4e4-677a391d5cfd,not_churned
user_ca898b87-e0e8-487e-bd19-9675ed647ca3,not_churned
user_caeaf2d8-05ea-4e57-86c0-f1ff28466dd7,not_churned
user_caf5fe39-7991-41ee-8dda-8672be53cd76,not_churned
user_cb005dcf-4e31-436a-92ec-868a9ebda1a8,not_churned
user_cb21da2e-a891-4b99-96af-14fd1b570022,not_churned
user_cb70f97b-19ad-4075-874a-008fd73102f6,not_churned
user_cbd86cfb-304d-4310-a4c3-31f4e664f3ab,not_churned
user_cbfcc4a1-4d8e-461a-82ab-b83e0fc738cd,not_churned
user_cc3c244b-069b-4d9d-a2c2-565d6127e8eb,not_churned
user_cc9e9f5b-302f-4a54-bf36-832950e1da3c,not_churned
user_cd55f944-5ea6-4ae1-87a7-3367f2599cf6,vol_churn
user_cdbe2535-5c60-4618-8c72-a04ab8c75400,not_churned
user_ce679b29-9d80-45c7-8820-91a9467baae4,not_churned
user_cf1f316b-9abf-447d-a5fe-1e33bce84b6c,not_churned
user_cf5f65bf-bef6-42fa-b795-231a1bbf22f4,not_churned
user_cfb87722-7dd8-481e-88e1-40179631f487,not_churned
user_cfcb758b-f685-454d-9729-10bac28444d7,not_churned
user_cfd664f2-0cc3-4b3c-ba96-a288ce9a74cb,not_churned
user_cfe4962e-2e1a-474c-9b9d-21a35b69736a,not_churned
user_d14fdb9b-740e-4150-a6ab-824b4cf38045,not_churned
user_d1581ea2-6730-434c-a01f-1baefb2b89cd,not_churned
user_d15d620c-0478-41bd-a2b2-fe44feb3ef84,not_churned
user_d18f6de4-cb61-4325-9971-8fdb25f30e20,not_churned
user_d19e7494-fd06-4cd6-b4d6-717512d68e0b,not_churned
user_d1ae90c6-21c5-4982-87e8-02a7cf8f8c5c,invol_churn
user_d238773a-115f-49e5-9840-75f1c18493a3,invol_churn
user_d256618b-5e6f-48b9-bcbd-7a363e990755,not_churned
user_d314ac3c-ccc4-4a51-a958-e4a67b47fae2,vol_churn
user_d35aadf1-4e5e-4366-aa88-e9286dbcc18d,not_churned
user_d36ed4ae-230c-4fef-be4f-128388b16318,not_churned
user_d3939e71-b03b-4d85-aebd-806fe4ba7be1,not_churned
user_d411d4b2-0920-4854-8e05-fb4f6fcb0d2e,invol_churn
user_d418a23f-39be-4eb0-94c4-bc595371ef34,not_churned
user_d41e4042-fe47-48aa-84f7-47217ee92786,not_churned
user_d4453908-fe92-43f1-8a2b-106a103a3b68,not_churned
user_d45f06e8-62c1-4368-a89e-ea229c3fe1b8,not_churned
user_d46678a9-0731-4921-8568-42dce4f0dcc2,not_churned
user_d46d8cde-ea69-4d24-86f7-f455a067be8c,not_churned
user_d4929928-7491-4905-9afd-f1ca1917c3ee,not_churned
user_d49e4675-45b0-499b-ac6d-b0d737046e9a,vol_churn
user_d4be91ef-a565-4577-b247-2d1bf2794276,not_churned
user_d4ff6b3e-d2ca-49a2-85ea-f91507509dce,not_churned
user_d534a784-7ab2-482e-8027-9e4ecc6ebeca,not_churned
user_d5710343-7719-4572-9b7e-1e82b2c9e3ab,not_churned
user_d57b5af7-dcfb-4f39-b8b9-58c0ca930ebe,not_churned
user_d5aec4ff-87e0-44a9-bd9d-dd98a278f065,not_churned
user_d5ef8abe-677c-48f7-b38e-9dae8004dd41,not_churned
user_d60e06ae-bc11-420f-bed4-67cd6bac901d,not_churned
user_d61932dc-5e6d-47dd-b2b6-5b4bb38dd1e3,not_churned
user_d6ca6eed-e12b-4eff-99fa-f05d7d1ebcc6,not_churned
user_d6e0b720-8b11-4474-a611-fe8fe8ea669e,vol_churn
user_d752399e-9c40-4de3-bfa3-7adfbcd97e04,not_churned
user_d7aceb86-a447-4885-a9be-6a76a6bba71b,not_churned
user_d803e5aa-12e9-442d-95e7-db9c069d7784,not_churned
user_d845c2ce-3985-4f00-95d3-71cf82ed7a97,not_churned
user_d9475808-7276-433d-b760-0a1bddcf80db,not_churned
user_d958e9a4-6be4-4cad-bcc7-f72da4424460,not_churned
user_d9f0ae21-335b-43f6-a5a5-2d272e6b4e08,not_churned
user_d9faa126-97bd-404c-a4eb-fff7bba33615,not_churned
user_da16734e-22bc-4ec6-8abc-f46b79c53448,not_churned
user_da244928-d510-40c2-ba66-3dc0784536bb,vol_churn
user_da4983f7-6103-475c-a78d-897bba3729be,not_churned
user_da704210-7b7b-45cf-9358-d4e16f2e9831,not_churned
user_da8ed0b9-1379-4b75-88d7-ed941ba6bce9,not_churned
user_dab08537-20a8-49d9-a893-1183843fa1f3,invol_churn
user_dacaed31-8351-4bb5-bbad-6cc0b9b5a85e,not_churned
user_daea371b-6677-4ebe-9487-5cf6f8ffbaf9,vol_churn
user_db0a1e3f-053a-4018-b5dd-d0bd1f971ab9,not_churned
user_dbe152a1-a48b-497a-9944-ec16a869b54a,not_churned
user_dbfcf608-14e7-4bf0-9e74-7a1a6ae1cb92,not_churned
user_dc1520bd-264f-4331-8d86-1b969babc86c,not_churned
user_dc1e9ea2-b9de-41ce-86cf-2eca3b60176f,not_churned
user_dc317fab-6faf-42cb-88e0-496693bfafa2,not_churned
user_dc8073c0-eaf8-4f8d-a11e-08fa7152ee53,not_churned
user_dcb5c594-1cf8-4baf-92d8-bc01add19549,invol_churn
user_dcd5b4ca-8400-4ee4-9169-50b09a15ca0a,invol_churn
user_dcd63309-2d94-4670-9b36-855d3e534a07,not_churned
user_dcf85443-f7eb-4200-b20e-2131c80dcc39,not_churned
user_de0c5279-ac15-496f-bc98-77894f3ba9e9,not_churned
user_de0dfe57-d0b6-490d-bcdd-0b84739d3cf7,not_churned
user_de33af74-d9c1-4825-a6ce-926e09ab7596,vol_churn
user_de35a049-248b-4f33-af9f-0044d5389dae,not_churned
user_de6611b0-2597-4ff3-8848-1f666535bf95,not_churned
user_deaa4604-2c4e-49b7-a5d5-6f6fae03bae7,invol_churn
user_dead071a-e92f-45c1-afd6-43061a6144b0,not_churned
user_dee27d17-2bcc-4b14-8abb-6c2829ec3a40,not_churned
user_df407172-6b66-4199-8fff-c30b358fed8e,not_churned
user_df801d1a-b54b-43c1-9a75-77947106b84c,not_churned
user_dfbc4187-e38d-48cd-8fe5-f7aa8d99790e,not_churned
user_e0404b03-dfa4-451b-bbf8-a3396bd22762,not_churned
user_e05e9289-3ce4-4218-85c4-090f0eff59a7,not_churned
user_e0695a47-d02f-448d-8778-23580e791262,not_churned
user_e07d369f-b10a-427d-9a05-24e922c3de35,not_churned
user_e0a8f9b7-c784-4fac-b6ea-f7471541394e,not_churned
user_e0c74904-8a35-4a1c-ade3-49e2401f4e42,not_churned
user_e0fb1682-6244-49f2-b2b4-364c8d63e574,not_churned
user_e14e1b54-bcba-4911-98d0-446d1fd83275,not_churned
user_e1ba8510-ba87-42c0-948f-da5b6161b368,not_churned
user_e263c614-8149-490e-af1d-31e68b560dc8,vol_churn
user_e2683295-c7cf-4239-8f46-000390f1046f,not_churned
user_e30636a7-1e63-47c8-9b00-2ff4136063df,not_churned
user_e3d2a1af-2a24-41c5-873b-84efc26bae8b,not_churned
user_e3f4807b-1a31-4aaa-92d7-8ecb7ee053f4,not_churned
user_e49977b7-c9f2-4435-9a65-63753875c458,not_churned
user_e4c16582-b5ad-4d79-829a-5bdad6b6d050,not_churned
user_e4dcab86-352f-41fd-a852-083f8f1d3fb1,not_churned
user_e4f3e051-213e-4842-b7ef-f12550a28356,vol_churn
user_e53869cb-e140-4e92-8771-bf4967999f6c,not_churned
user_e562e996-c566-4653-bc5c-d67705f75f49,not_churned
user_e5dc6304-1218-4a26-a4be-51c6017e4a9a,not_churned
user_e5fc8c50-036f-4cbb-9720-117917878d74,not_churned
user_e6246422-7aa3-4076-8019-a27c834858f1,invol_churn
user_e6eceb8e-51e1-45f4-85b8-ee785510b274,not_churned
user_e73fffaf-85b1-4e7e-98af-0b46d0283b77,not_churned
user_e7ca6e68-b253-4310-a58f-5b7ca38aa855,not_churned
user_e7ccb1d2-736c-4082-be2a-ce61de74a158,not_churned
user_e7f9a801-e0ab-447e-9bbb-be89c681b11d,not_churned
user_e8d8c00e-be97-4e13-a977-139d8a20172b,invol_churn
user_e8df47e7-8d5a-4f79-9eb9-957f7f353b14,not_churned
user_e8ec8d3f-3aa7-49a8-ab35-52eeb3f5b4e8,invol_churn
user_e8ee36b7-7f9c-487a-addb-b3762bf2aa4c,not_churned
user_e8fbf45c-eb24-41c3-b17d-9720375cf661,invol_churn
user_e90328c6-d2c4-4715-976b-d5aad117a0d0,not_churned
user_ea862672-be38-4746-87a6-80e7fb5f14af,not_churned
user_eac5d58d-60d8-4639-b65a-c586afa60d27,not_churned
user_eb32b5a1-7898-4431-b7a8-f5fa4c11f587,not_churned
user_eb68b346-0fc0-4446-a3f9-704244106248,not_churned
user_ebb83d75-adae-4763-becb-67068e4609fa,not_churned
user_ebb8c1c7-d1a6-4288-9c7d-a69fd8966151,not_churned
user_ebd4cf9b-7533-4708-b534-623c4b0a22f2,not_churned
user_ebd889ca-887f-4e1f-9b0f-4560065e8d98,not_churned
user_ec19b29a-8009-4596-a818-f8d2c0ae7717,not_churned
user_ec497668-b2cb-481b-808f-e36ef17d683a,not_churned
user_ec6bf0b4-d203-4704-be18-5b810205c4d6,not_churned
user_eca6ac7f-cc03-4f51-b607-2284ab28da41,invol_churn
user_ecb49f41-923a-41e7-88b6-da5b90466540,invol_churn
user_eccece31-75b2-4928-9855-16750838cb40,not_churned
user_ed0860ed-8007-42d5-be69-ceaaf0360eb9,not_churned
user_ee27d42b-da6d-4346-9935-e5400be51a60,not_churned
user_ee5addf3-3792-48db-9545-4fe18dd035e6,vol_churn
user_eeb1e86b-c4b0-4013-8778-bf0eda629fc5,not_churned
user_eefea7bc-f805-44a2-bcde-ca0d2af846a9,not_churned
user_ef06f6eb-7cf3-44a9-a85a-e9fc01e1fab8,not_churned
user_ef107f7f-caf4-4890-b3fb-0412b81a0252,not_churned
user_ef59b5c1-e423-4c0a-9fb4-02858b6bb141,not_churned
user_efd02233-e790-4386-b545-3d23688133c7,not_churned
user_f0249923-9042-4734-81e5-d5f4779dcc5d,not_churned
user_f03fc33b-8347-472a-b531-7f2afc283c7c,not_churned
user_f089ddd2-6fa2-47b9-8460-3e776d827d9a,not_churned
user_f176e40f-c7ea-42dd-845f-79add86e0616,not_churned
user_f1bcf440-be08-4111-a770-ca0477ccb8ad,not_churned
user_f1cc2cf7-ea36-400a-8f7c-5d850d17fb29,not_churned
user_f1d69a68-640b-4a92-87b3-043868bda3a9,invol_churn
user_f1ee6002-b357-45cf-8b97-d0343aa2d7b9,not_churned
user_f202d96d-fcd2-40f8-8838-26f2f5afa707,not_churned
user_f202f25f-156a-41a1-91a8-928aed46bbe5,not_churned
user_f23e2e4e-4437-4773-ae35-fe8cf0f672c3,vol_churn
user_f29a7686-a504-4c98-9623-874bd3503e2c,not_churned
user_f2be4e28-1327-40bb-840b-5639f585c3c2,not_churned
user_f2d9e014-a2ca-44c4-9025-6cfbd91a5d20,not_churned
user_f36ecf4f-b172-42e0-a1e7-4dce2cad2d65,not_churned
user_f373c9ff-6136-4918-991b-ebd63a7b5c00,not_churned
user_f4500f0c-8f8b-4eed-8f9d-4ddacc663436,not_churned
user_f4790cfe-463d-4c85-8147-9debd65c2ebb,not_churned
user_f47bb928-03d9-49c7-afbd-f30fe848d497,vol_churn
user_f49391f7-c0f8-416c-b6be-3e8d0dc9830a,invol_churn
user_f49c036b-75d5-43cc-98c3-3250f30f40a6,vol_churn
user_f4a7cc20-c727-4dcb-b527-f86d5ef74bfd,not_churned
user_f4ab89dc-ab19-4fb9-a8ce-07cf14f99a41,not_churned
user_f4d6054e-79a8-4475-b6f5-d37878960020,not_churned
user_f4faedc2-4a7e-44a1-8b53-ec89e8047536,vol_churn
user_f5242b3a-90a9-4865-ad52-8e354f96a50b,not_churned
user_f537275e-b984-407f-8f30-4f1ae1c6c1f3,not_churned
user_f571589a-88b7-4ee7-95ec-b0eb3becbe9e,not_churned
user_f5d5c272-11f0-4164-9b79-a6f5877f0c74,invol_churn
user_f5e181a0-8b7f-4509-985e-0ab7371574df,not_churned
user_f697fc16-14b4-4e1d-875c-17ce73280421,not_churned
user_f6c72979-a8de-401e-8a18-326ca36e3cf8,not_churned
user_f70aa297-c0b4-41e9-8c13-a107fed6bcf2,not_churned
user_f7af3645-fd15-46fa-80f5-dcc7d2617f94,not_churned
user_f7c181c8-766d-4591-a355-700da40901f7,not_churned
user_f7cb26d3-b563-4666-b1d0-9ef74e9ac5d0,invol_churn
user_f7d95013-f4f6-44e8-ad61-b34a618a179e,not_churned
user_f8e958f3-5f81-4eae-a486-d2bf3eb2e757,not_churned
user_f902359b-ec80-4715-b4bd-caae003bb0a2,not_churned
user_f913ac86-15ce-44f8-9bcf-432323139dbb,not_churned
user_f9324b8d-f8e5-41b5-b909-4e3291bc91b2,not_churned
user_f938f4fd-1f77-4976-91ec-a9061cc0075a,not_churned
user_f951f56e-e777-4a78-930b-358fc6afe9d7,not_churned
user_f9870382-82c0-4f1d-ae1f-2dfcc925385e,not_churned
user_f9911f35-5265-4221-abaa-d13443513ecd,not_churned
user_f9cd22bb-018a-4e7f-8a83-fffe0346d964,not_churned
user_f9e5517e-4c71-4d8a-93e5-cae454851cea,not_churned
user_fa0ea2d7-408f-4b48-9f07-fb66ab3cf25f,not_churned
user_fa39ea1b-ead6-4a72-9a71-38728ad4a75d,not_churned
user_fa63c09c-6f57-479b-affd-e4674fc3c0fa,not_churned
user_fac4fd74-1a6c-450b-a933-df7a81867e6d,not_churned
user_fac5ca8f-aae2-47e5-a724-e527ad596ee1,vol_churn
user_fb645b49-d2a7-4fe8-afdd-17a57913cfc5,not_churned
user_fb6b14f9-7903-469e-9ea0-6e830d5a2e8c,not_churned
user_fcc53891-40ed-4f6e-b440-7cff369d9485,not_churned
user_fd07030d-60df-48b1-a8d2-cc2cc2dfa6f7,not_churned
user_fd078a67-1c0d-4bb0-89e2-c8313600cfbb,invol_churn
user_fd17a4be-1330-4504-9284-6d7d53bb374e,not_churned
user_fd4248fd-3473-4432-9111-42a58c89eb2d,not_churned
user_fd62bc3a-aafd-4bd1-9d3a-d3ed81b2f2b4,invol_churn
user_fd95c958-9ec9-4e8e-855a-85bcda626868,not_churned
user_fda9975c-c0a9-49fd-a378-0ff517cdb953,not_churned
user_fdf1d2b6-5d78-4b9a-ae40-162322b3d382,not_churned
user_fe4387cb-7e31-41f0-a5a3-f52cecb60c8c,not_churned
user_fe8b7866-e14c-47be-8ef2-36374ac8f304,not_churned
user_fedc61e3-f303-4d66-bce1-2924b43b5b57,not_churned
user_fee89dd9-fab7-4042-a8df-db28aab778b9,not_churned
user_ff75778a-47d1-4490-8039-578a576bdd05,not_churned
user_fff35736-b8cf-4004-b9fb-a635347848b9,not_churned
user_fffe9fd3-c73a-4e26-aa25-27d466fac6fd,vol_churn
