,user_id,churn_status
79653,user_003ed17f-e342-4fea-a1af-7394e85ccf52,not_churned
40201,user_00697c5d-624a-489a-81a3-71eab9e00459,vol_churn
38899,user_011854b0-7d7e-47ec-bec9-5acf5ce78b08,vol_churn
23062,user_011e3694-3d9f-407e-b06d-ec8a1a5bac90,not_churned
67342,user_01417ad8-28b5-44d1-b0f5-60464618c04b,not_churned
18859,user_01b5550b-df79-42be-883a-72ad81a69188,invol_churn
35464,user_01e35ebc-fb68-492e-94f3-e4fded33c030,invol_churn
13554,user_02138856-429e-4e66-b237-05cc6bcc890d,invol_churn
5828,user_029d5db2-3bc0-4902-ad81-a829c59bb0be,not_churned
67912,user_02a712ed-739a-4eaa-baf0-27046836ed0a,not_churned
80047,user_02bb5984-d38f-42d0-bbfc-4252a43594d3,not_churned
58827,user_032766c8-c17b-4d92-9ebe-d55cbc1c9bb4,invol_churn
14448,user_03a7b3e9-5eb6-4786-b439-1d411ba290f1,invol_churn
36073,user_03c09e62-cbfb-42d5-93b1-a01dbb806faa,invol_churn
52665,user_03ee6bfe-94c3-4097-abfa-0218fd274517,vol_churn
11890,user_03fda02c-78e5-454a-94c8-006e5c910009,vol_churn
18512,user_0401320d-2355-443e-9318-46e4953d8cd1,invol_churn
26666,user_042ec48c-db40-4b78-bcc1-6d1710c806f7,not_churned
33624,user_047c67b0-3a18-47ae-baf8-ac45fe8c39ec,invol_churn
3508,user_047fc3ca-3946-474f-94aa-83202b7d63b7,not_churned
13229,user_0485ea1a-33b1-401c-95bc-718f7ef9e11c,invol_churn
84842,user_04914bdb-9966-4b42-bccd-c2f4302f1ee9,not_churned
73324,user_04a32c99-6be7-4df1-ab40-5edf4e5fa1de,vol_churn
50862,user_04ce2563-7261-494e-a859-9f41be943d34,vol_churn
82130,user_04ecf1ce-87ac-45f6-ba5c-1db75118cd48,not_churned
31369,user_04fe47c1-02a9-46a7-bd96-02ec77ee5936,not_churned
31288,user_04ff845c-d803-4f86-bf48-bfa3d52de9a2,not_churned
21740,user_054e347f-5691-4fa0-a032-96e1eab139cf,vol_churn
17085,user_0585d0ab-d9c3-4781-bb9d-5f2e6f36c5bb,invol_churn
13020,user_05cb7c17-41c0-46aa-8d43-b2952eaa1597,invol_churn
83139,user_05dc78e5-1750-4b99-8f0c-539fb133bfb9,not_churned
64367,user_05f1d58e-f9a5-45ac-b856-ac18424d1582,not_churned
55320,user_05fa168c-2748-4674-8b35-a368b5112136,vol_churn
89331,user_063667e2-1a54-489b-84b1-f6437f861bc3,not_churned
27775,user_066c1289-34a9-4fb0-b6c5-dfc93e830bc8,not_churned
33038,user_06894f41-7e8a-4c13-bb16-5f5b99e77b48,vol_churn
65684,user_06916020-2f69-4432-8de6-65a5aa2c8e3c,not_churned
15014,user_06956e15-ed6a-4660-9768-3c28d6b40f01,vol_churn
60582,user_076de90f-2ff6-40d3-a9d2-8b834ad8bb3b,invol_churn
12241,user_07875edd-f02e-4916-8871-c83be547f9b6,vol_churn
60747,user_0802ff89-dbbc-40c3-98d4-111bdd19f5ca,invol_churn
10306,user_08568132-dd2b-4d10-89af-d0893b89b856,not_churned
74149,user_0863daa5-f54e-4434-9bfc-58d36f2874fd,not_churned
18277,user_08c8b7c7-aa62-4915-b071-0421ebf7db35,invol_churn
13864,user_08d1c376-63b5-4cab-b632-57e2dad1e218,invol_churn
26436,user_09026823-0eb5-4850-8883-c2570af64fce,invol_churn
83725,user_0905350a-5e4f-4e50-b040-90c8282a62a9,not_churned
88945,user_0919ba94-b80a-4ef7-a1d5-128f449f9b10,not_churned
27575,user_09880f29-acad-4456-9bee-01ac1bb4e918,not_churned
69785,user_09c61dfb-21c4-4bd7-9159-d712db6e5979,not_churned
79955,user_09dbbe8a-f654-47f0-8dac-fbe10df515a9,not_churned
6641,user_09f1bb9a-793b-4faa-8abf-8c7927cf91d6,not_churned
6068,user_09fe325e-ade2-4e9c-b0ab-df2ae17c1cac,not_churned
34689,user_0a0e45d7-2cd8-40e4-bc9d-0cf36a6a1515,invol_churn
36436,user_0a2b55b8-fc3e-4a71-ba40-cc22d61df6a3,invol_churn
42208,user_0a459501-3d8b-4a55-bd50-26c37feb7fac,not_churned
61222,user_0a57c36f-c6c8-489c-9a94-9b053a2d8bd4,invol_churn
65584,user_0a98691b-867c-48df-90f7-0fb5c65119aa,not_churned
36398,user_0a9940f0-51b8-4470-9b5c-84bbe49d2010,invol_churn
38593,user_0aa500b2-9729-45e6-bc33-271a9ad4a5bd,vol_churn
48246,user_0ac3cf32-a04f-4966-a0b0-5a281ec674a1,vol_churn
23113,user_0aff2a62-130b-4495-988d-7535f39b44bb,not_churned
26718,user_0b22831a-0149-4750-a742-15c5790f4efb,not_churned
43922,user_0b4dda12-2fa0-4436-80be-e5932a2ec540,not_churned
62874,user_0ba6440a-603f-4beb-98f2-7382086cb887,not_churned
36902,user_0bed9f9e-c8e4-4588-97d3-ec73b05cb13f,invol_churn
24386,user_0bfa69f3-a597-4854-a353-b3498af769ca,invol_churn
76941,user_0c019c06-287b-4e9f-9b04-1c8a6ba668b4,not_churned
21369,user_0c067cd0-125b-4fbc-8c33-75fbed041bc8,invol_churn
81514,user_0c1322b6-dbc0-44e7-9202-657c284cd517,not_churned
47124,user_0c5087d1-a362-47c5-8d39-198c8f1c90cf,not_churned
30267,user_0c8e29fd-56fe-4751-8ab7-36725ebf24a4,not_churned
73907,user_0cdedae7-e188-4dd8-8d40-dd92cbd22f56,vol_churn
84123,user_0d2ec264-4ba0-47b1-a929-3726b262150a,not_churned
31521,user_0d348937-47cc-4efe-89a9-5e64495024dd,not_churned
68463,user_0d5e957c-4bfd-44dd-b04c-c8e9c7eaccf3,not_churned
53996,user_0d6302c9-aebf-4620-b472-09f3f98ba55b,vol_churn
29409,user_0d8c1c32-ecaf-4e04-a4db-7393a9abe988,not_churned
14341,user_0d95fc26-1c31-47f4-b940-08d829c9b05b,invol_churn
19394,user_0e266283-d5e3-4c13-b2a2-c4a4e2b4ec75,invol_churn
12107,user_0e3ad21b-d200-414e-b295-616d397b8d81,vol_churn
37634,user_0e5eb4ec-ef87-45f1-97f8-3cb10d60a9ae,vol_churn
26776,user_0e601d3d-ff91-4892-9fab-202ba03fed4f,not_churned
82268,user_0e8503ee-3e65-4718-9253-82beae002a62,not_churned
54329,user_0e90ae8d-74fb-4023-901c-73c38f6c9efe,vol_churn
7775,user_0ec09bc2-ddda-403a-992e-2bd2992c0162,vol_churn
89081,user_0ed6f429-e110-4b30-ac50-d898c5568d89,not_churned
25801,user_0ef859d3-83ac-4311-b542-ae012af8330c,invol_churn
78895,user_0f018630-d774-49c2-abfc-791b6f3678a2,not_churned
24248,user_0f05319e-aee7-47a4-8985-dcbf0f122449,invol_churn
56433,user_0f2b66e5-e5ea-43f5-aa09-7442769a0b81,invol_churn
28173,user_0f455c8c-00bf-4466-a274-69da124c8d3f,not_churned
26574,user_0f745345-8aa5-4866-a2ab-12913abc1f24,not_churned
10343,user_0f961224-5a66-45f2-8d74-cf780affbe72,not_churned
11347,user_106c36b1-f847-439e-9355-c2af41584a38,not_churned
29144,user_10857c45-3263-4e33-afe9-fd3a354d7e9d,not_churned
53224,user_10a5d0d9-c852-46bb-b949-975f01969a45,vol_churn
61829,user_10e9993a-391c-42c3-a5c3-914ecc4d6158,invol_churn
26945,user_10f9a26e-7202-4347-8b95-86414abca919,not_churned
52578,user_112eabcb-b896-49ef-a2d4-1d1b0b4f8291,vol_churn
50633,user_11496071-97e3-4553-bb91-97a535e1d43a,vol_churn
60789,user_117f06c0-b08f-4e3b-9d0d-d92f7ed42acc,invol_churn
10175,user_11915726-f1e3-4375-9d34-cd5e5827b157,not_churned
24294,user_11be79e4-f2d7-4657-b728-8c10c2b716f7,invol_churn
60117,user_11cc19a4-378d-47ba-ad59-741d41da395e,invol_churn
42218,user_11ee8c9c-9f3c-4c7e-8da4-79a72708b767,not_churned
19678,user_11ef313d-718d-4561-888a-4a7767c36b79,invol_churn
86528,user_11efe70d-3576-4eb7-92ec-30c77527f7ea,not_churned
84013,user_12648183-6a0f-43f9-bf26-f7f1cef5a4a2,not_churned
53797,user_128613f5-abad-4671-a341-08996172584f,vol_churn
89945,user_12f7b871-5455-4f6b-932f-f1f6daef318f,not_churned
27807,user_12f8e4e1-e305-4761-ae2f-2f4a8234c433,not_churned
89064,user_12fbb9bb-348a-4881-96d8-c7b7765198b2,not_churned
47298,user_131ef433-755b-40ab-9d24-db6f4b4f833c,not_churned
17935,user_136d2f4f-cb39-44fd-b7d4-835d6750c1f5,invol_churn
11827,user_137c1ffb-a81f-403e-bf5c-b4eca0165ed3,vol_churn
44018,user_138192ab-d75c-4e8c-ac2b-b4c55e82956e,not_churned
21768,user_13884443-7aa3-4ad8-a42d-413f6159f913,vol_churn
83320,user_13b83cd5-41db-4880-b321-c06cf84e00d2,not_churned
30774,user_13bb3657-3a82-44f2-aa9c-da82ea331a50,not_churned
47572,user_13fcd2d0-446f-4726-8690-17bf6fdf885c,vol_churn
69305,user_1419dd92-5ac2-419e-8fd5-c9e5659adf2d,not_churned
86782,user_14267a0f-d976-419d-aaf7-8f7dfd73ee8e,not_churned
72786,user_14306a15-6205-44ea-ac33-b9f4a696e5e8,vol_churn
12534,user_1457f26c-4ebd-4e67-9fdc-fb0a2cd744f7,invol_churn
48918,user_149aed4e-dbb1-4d21-a575-3ebe96980164,vol_churn
21775,user_14b4d4a7-ac11-4450-8d3c-695ff449dfa3,vol_churn
41616,user_14cdc2d8-7aa9-4a52-a38b-3c8c175c89bc,not_churned
58734,user_15064697-e807-45e5-a4fd-5891fa0b168d,invol_churn
53398,user_150794be-265b-4faa-999b-d699e00105ab,vol_churn
24640,user_156f9cf9-b71e-422c-9638-04d62a4ca5b4,invol_churn
30980,user_1587d823-7086-4b46-ad92-b1119fecb699,not_churned
1931,user_15984d33-d785-4c56-bddb-92a795a4d196,not_churned
50091,user_159e8c51-77a5-4367-a7d9-f5598c32e323,vol_churn
17044,user_15f724c9-2daa-496b-874e-2dbd4eab0748,invol_churn
84249,user_161e46bd-258b-4f99-ba0b-a0e64ef73ff6,not_churned
39604,user_1629026e-7f86-4b7f-b837-ef5ff204fed8,vol_churn
6303,user_162988f6-d44b-4b6a-ac38-928b995a5726,not_churned
49953,user_169c69d9-2d02-4054-b7f1-cbd170886d58,vol_churn
76575,user_16ae4248-72a8-4240-b7f4-0685765dcb2d,not_churned
36057,user_17acacf2-34c4-409c-bd89-dc37638a730c,invol_churn
29847,user_17e6a412-a1db-4a44-963c-d760c2258f28,not_churned
12512,user_181c6e8b-5236-4f17-be16-f246acef7689,invol_churn
65514,user_184531cd-515f-4117-80f2-63b4dcb643eb,not_churned
51873,user_18a516ae-d613-41c2-970e-31a29c02255a,vol_churn
70292,user_18a6d490-2c14-463d-b9d6-dd3a49951cf5,vol_churn
55044,user_18b783b9-884f-4f66-aaf9-0a1a0c493a97,vol_churn
85362,user_18c544e3-33b3-4e5d-85fb-70b735af17f0,not_churned
79855,user_18c8caac-3543-4d38-9d3a-c5c26da17105,not_churned
86020,user_18effcdc-966e-4475-a5fe-90e98611e479,not_churned
8585,user_190977e2-f04f-4f8e-b09c-321f5491763a,invol_churn
11342,user_19497097-7661-4e55-8707-29295530a799,not_churned
10843,user_194d6fc2-6dbf-490f-9ac5-2cfbc2165d2b,not_churned
70183,user_19801a2a-9748-490e-8dc1-0eec9db17343,vol_churn
73335,user_19935afd-5a78-4689-ac2a-4db2c78af12a,vol_churn
79821,user_19b9f209-1415-44b2-ba7c-93b3cf4c98e9,not_churned
6564,user_1a1dff67-3eeb-4df9-9538-4bb708548786,not_churned
81861,user_1a334cb6-a2fe-495f-a4d5-41a9c09c5735,not_churned
66213,user_1a337bdc-52cd-48ac-b8a8-4dda41afaaa8,not_churned
3838,user_1a8ef144-71ae-4246-b51a-e85fba8feb3c,not_churned
65481,user_1a984bd6-5fbb-4374-8ce9-a79e3265ed43,not_churned
56951,user_1aded1eb-db87-4ad3-b5e6-12a2724eff5b,invol_churn
15743,user_1b2eada0-e2b7-4d75-8c9d-527d2e823b37,vol_churn
54645,user_1b4b63b8-d58b-46d2-9a3b-1c277f10e2a3,vol_churn
42427,user_1b9c87c9-54f1-4ef7-9a32-8890696960d2,not_churned
23956,user_1bb92a93-11b6-45fb-80da-250ebe465323,not_churned
62728,user_1bc46f1e-a704-4539-976d-30a34490be18,not_churned
7263,user_1bec9ae2-242c-4008-9bc2-df9ac444c74b,not_churned
58773,user_1bf4ecd3-d8f5-4074-b07b-3140b0522a34,invol_churn
46131,user_1c1d18d7-5c58-4517-9e8d-f0d9ad8470fb,not_churned
84694,user_1c1ed4ca-bebb-4493-adb8-57939888e581,not_churned
5337,user_1c4cb7e5-1b7e-4499-a980-78622c67f76e,not_churned
52223,user_1c6e7699-4ef9-4b96-a4d3-f70e0f8c4849,vol_churn
75176,user_1ca6c2a8-1e35-470a-bdfa-7bdeb41c1ca4,not_churned
50371,user_1d4ac831-8e49-46b4-b804-818ae7d52962,vol_churn
36623,user_1da112e7-bbc3-41d9-b50c-412c67fa9ed9,invol_churn
82641,user_1db624a5-2457-4ad0-a1b5-0bd59e8647a0,not_churned
46893,user_1db833e6-799a-4d11-9180-deb809f27861,not_churned
35038,user_1ddde26c-97d7-4db7-88fa-cf4ee7d0cdee,invol_churn
43044,user_1df077b3-4e23-4e3c-92b9-07afaf2242de,invol_churn
22621,user_1e1c4136-bb40-41db-b270-751c8b17e704,not_churned
32142,user_1e59894d-68a6-4267-b4f5-ec76f4377575,not_churned
38862,user_1e87a7c6-ddcb-4f57-890e-a78251ee13ed,vol_churn
49868,user_1eca80b1-ae19-4824-9fe9-21ad979dad09,vol_churn
26939,user_1eff980d-e206-40aa-a8b4-70d063df15da,not_churned
39866,user_1f2b75aa-2608-456d-bf4e-17ff1366020d,vol_churn
58795,user_1f45b8c9-4e2a-4818-a5fe-52eedcd24726,invol_churn
81890,user_1fa8ae80-0599-4286-ad19-962a6704bec4,not_churned
88039,user_1fcbf7bf-224a-4e33-a33e-147054ccc725,not_churned
19438,user_1ff12724-4cdd-4a36-af46-f80df073a7f8,invol_churn
35087,user_209bbfad-44db-4d0d-a372-d565a2cab3d3,invol_churn
9623,user_20ac56d4-8fe4-42fe-85e7-4dec03782f08,not_churned
74343,user_20d64e88-45bc-43ae-8727-a4e4fb228c9e,not_churned
57151,user_20f31f43-94eb-4f7d-806c-276c372ba557,invol_churn
52183,user_211a5cae-40d2-4d94-9985-123ee6042275,vol_churn
70884,user_212cc828-4f48-446a-8aca-bf4cf8865b05,vol_churn
19162,user_217b711b-d5b0-4737-aa3b-8843e518ac53,invol_churn
34123,user_21befbfe-c63e-4d24-86c5-a0fa838a45a4,invol_churn
1954,user_21cfa6d8-bd08-42ff-bac4-01bb147d0293,not_churned
35738,user_21da1d33-183c-489d-8b1e-79840ceaaeed,invol_churn
46524,user_22094b09-98b0-4daf-8d56-31a1d31e6ea0,not_churned
43687,user_22108e5d-59eb-4a11-9da7-509e27d1f87a,not_churned
11832,user_223ca6f3-306f-4642-b7ee-35ef8922aeb5,vol_churn
36131,user_2243ea42-dbc0-4f03-aa5a-9467d8880169,invol_churn
57103,user_2266102a-94cc-4c2a-b06f-ab6c657252a1,invol_churn
40105,user_2268e910-c9a2-4856-ba11-c1ad63edddfe,vol_churn
37993,user_227dcf38-4bf3-4025-ace4-2f6e14b6ec14,vol_churn
54094,user_2293b38d-d6b2-470d-ab0e-b75982736c52,vol_churn
9732,user_22b00be2-b2eb-4515-a0df-649d9b486369,not_churned
85018,user_231436a6-b517-4997-920f-e0d609ed69d0,not_churned
33555,user_2367c9e4-4226-4785-9cb7-719742739256,invol_churn
42235,user_236f72d6-0624-4223-bb65-b620c5993729,not_churned
78706,user_239adb4a-b683-47a2-b47c-d3aa56050273,not_churned
3280,user_23ff6feb-4820-4100-b512-722195f5d643,not_churned
73373,user_244fd55d-22bc-450c-88b5-f22de3337c37,vol_churn
18945,user_24b7c302-db2c-46c1-afe5-20b8b6ab4488,invol_churn
65114,user_24d9c2f9-266a-495f-a416-d8fe91866ab4,not_churned
58741,user_25071140-e817-481e-9ecd-fd224f7670b1,invol_churn
11217,user_2539165f-bf56-46a8-9ab8-dd8e2ec7efd5,not_churned
42890,user_2552055f-a442-4552-aea2-0cfa1fa2940f,invol_churn
17291,user_256b6cb5-0867-4cf9-8c98-f5e19b0d2a3f,invol_churn
34514,user_259238d0-baf2-409b-b29c-31977e909b38,invol_churn
42956,user_25ddc64c-2b10-4071-b771-3aa261ef4d6d,invol_churn
88756,user_25ecb412-553c-49a8-b5ce-361d1db0e42c,not_churned
84008,user_2638a1d2-a885-4769-a743-e230f938b9c6,not_churned
57750,user_26963d42-dc23-41f8-898f-d15000b5f188,invol_churn
48240,user_269fa509-575a-4a36-abaa-299ab839d69e,vol_churn
78634,user_26ae582d-46fc-4195-b363-1ab029792411,not_churned
35145,user_2720c613-7353-4f70-8438-327b1eed026f,invol_churn
40867,user_27581ea3-4dd3-468b-838f-fdfa2e1373fd,vol_churn
10183,user_2763fbec-a7a9-4594-a54b-e771f9b97aa2,not_churned
54745,user_27824cd3-ee69-43ca-96f9-2a5d3e188e2f,vol_churn
33678,user_27d367b7-6901-4f31-819c-5278bb518259,invol_churn
2699,user_28237954-714c-4e33-b97b-042dbb34c6ab,not_churned
48405,user_28377cb3-9451-400a-aa43-548c458f5f0f,vol_churn
33440,user_284dac93-609e-4398-8f48-2ad0a152c112,vol_churn
88472,user_2869d8a8-f3d0-487a-a461-cd79a4d2d6b7,not_churned
6826,user_287d4bcc-efc4-4de4-be94-09007adcbe17,not_churned
76546,user_2888895b-c148-452a-b4f4-152292050b11,not_churned
73216,user_28924e38-8946-4752-bb80-7263e10e80a8,vol_churn
87974,user_28c14f46-68d7-4dd0-a1af-5c2d56b01f41,not_churned
13676,user_29546d5c-d6db-4241-a64e-1204dd3aca30,invol_churn
45678,user_29b55378-f3ad-48ba-bea6-87700a6cc665,not_churned
32499,user_29e188c9-f33e-4d55-9677-d478183ea3f7,not_churned
57156,user_2a3a2c51-6620-486b-b6c5-2b451c886ceb,invol_churn
77369,user_2acd74bf-75bc-4c02-b9ff-1e0e20a10743,not_churned
50386,user_2af3df15-874d-4734-827a-6585abb4d521,vol_churn
45666,user_2afd259e-f495-4aec-bce2-83e2277f9081,not_churned
22912,user_2b02d721-d084-4f13-a7ca-7a4c30ee9bd0,not_churned
52467,user_2b2b36e5-35e4-4b8f-8506-0b5483bacd9d,vol_churn
89010,user_2b371db9-22a8-41b5-a498-eaff494b62a7,not_churned
88838,user_2b8e419f-53f4-4f6b-93e2-e4f020d53786,not_churned
63819,user_2bee04f0-61cb-455c-83a3-384681ccfc70,not_churned
72279,user_2c18fb7a-03b1-4bf8-931c-d7befe5d765f,vol_churn
34269,user_2c1aa776-52b8-4ee9-b679-663c951e55ca,invol_churn
8468,user_2c3b5daa-51c7-4b85-b5c4-b022d0a2e20c,vol_churn
47848,user_2c78109a-585c-4da7-bd4a-549981c913e1,vol_churn
46361,user_2cd05d2f-4746-4cf2-8fe1-19029c6499e1,not_churned
38556,user_2cd89757-6887-4c84-a0a8-b27f3fd4baec,vol_churn
71268,user_2ceb6921-e139-467f-8b4b-f4c0744fd268,vol_churn
50609,user_2d0d9825-619d-4078-85f2-90d7743e9d4c,vol_churn
58447,user_2d9befa5-f901-43e9-b418-f5f5aa60cac3,invol_churn
19880,user_2de9e93d-42ee-4d52-af29-3425acd1467a,invol_churn
67914,user_2dfc9696-2f5b-4dd1-921a-62ae8bed5cd0,not_churned
22445,user_2e162e1f-4f58-40b6-ac4f-fc376aa05706,not_churned
49222,user_2e782202-79b0-4d27-bd33-c7836fbad2ec,vol_churn
28631,user_2eb60d24-0a4d-4289-84fe-ddd9e9db7abf,vol_churn
26342,user_2f0de028-ddea-4e3d-906b-054e0bd1156e,invol_churn
55386,user_2f1b2bca-7f26-4978-bca4-00688128418a,vol_churn
36783,user_2f1cb47e-139e-41aa-a338-0ea0bd77f317,invol_churn
13041,user_2f7780bf-66b1-4c95-a70e-ecbc61a655be,invol_churn
27596,user_2f9032a2-c2ab-4f5a-a43f-16bea8927c06,not_churned
6547,user_2fabd7fb-a4ae-405f-8aec-013b29abd680,not_churned
85403,user_30356218-286d-41c6-9d2e-59a783ce95bd,not_churned
37184,user_3061aff9-0ffe-4903-a2cd-307f528c27f1,invol_churn
56269,user_3085b010-96a9-4a44-a429-1f3e2ce892db,invol_churn
43116,user_3106610a-9477-4b9c-9e7b-35c7c068ebfc,invol_churn
40585,user_312f338c-a62c-451f-98ac-bb2476f05fa6,vol_churn
12170,user_3153878e-56e2-48b0-b6c7-fd701fada8f0,vol_churn
89998,user_31853a30-9918-4754-b779-6b961026f89a,not_churned
89254,user_31936c51-3902-40d8-9dde-fcfcd8c65ea1,not_churned
38767,user_31994ef8-5ff3-4178-90bc-2db1bafa6848,vol_churn
23912,user_31b35826-08bd-4571-9001-5f0485bf12e2,not_churned
50062,user_325a0e67-416c-4840-b3db-6738ca30858c,vol_churn
74392,user_327b8d0c-62fe-4c2c-9bca-d16c67a52894,not_churned
34117,user_3350fa76-7533-4967-83f5-472e0be70198,invol_churn
87775,user_33585365-a992-44f4-9d61-55c97bf8c73b,not_churned
79417,user_339c3fd1-549d-4888-bcb1-0e2a6d72baa8,not_churned
27772,user_33af8cfa-ae84-4d81-94c5-860ca2bc6c09,not_churned
52104,user_33de30db-3ef3-4a9f-ac15-37bcbd9fa63f,vol_churn
59812,user_33e34826-2cfc-4287-834f-95dc05bc3520,invol_churn
17548,user_33e547d3-840b-42a7-b23f-76eae3fe23d3,invol_churn
26563,user_3404ceac-f95c-4da2-94be-869b9a6768e8,not_churned
82489,user_34a534ba-f225-49a9-a875-27fddcf65e54,not_churned
4835,user_34ac286c-e1b8-43d7-9f9f-cbdb99f2afab,not_churned
2284,user_34b1b6cc-e38e-4601-9e74-670e3d9f9f03,not_churned
64131,user_34c13849-5f57-4d03-9051-f27338e379a6,not_churned
7740,user_34c8a824-729c-403d-a7c3-feaaac023bbf,vol_churn
17160,user_34dfdf4f-6bb0-4abc-adc6-934dbb7960fa,invol_churn
28440,user_35311591-fb50-46a3-8e54-42b8cf174463,not_churned
14514,user_353f1442-eb87-457b-ace3-1915e6a17245,vol_churn
36772,user_359bc9de-a173-4d45-8279-f28ede3d5818,invol_churn
52761,user_361a9ec9-26b1-477a-bd61-dbb6fc8a4ba6,vol_churn
43494,user_368f235d-5710-43e1-8426-6546f0c5ebe8,invol_churn
39440,user_3698ea98-966f-4078-afd3-a0a4eb4acfb4,vol_churn
84027,user_369e2632-2938-473e-a0dd-ffe602481ffd,not_churned
33219,user_36b62749-8a2a-4f27-a9b6-fb0ef79dd3df,vol_churn
67891,user_36f509ec-4ddf-4f3b-8081-3106fb7958ac,not_churned
31161,user_36f6cedd-89ca-4835-aa58-a85ab889b312,not_churned
69622,user_3712438d-bc63-4ee8-bccd-a80141ea924e,not_churned
48666,user_3773a43b-9537-4b4b-bffd-89d28c06d203,vol_churn
17824,user_3794004a-f8e8-413a-8973-c80e917922c7,invol_churn
2306,user_37bdfd80-e81c-4fe3-91b8-b8ef2ca84aed,not_churned
13645,user_37c974ed-6242-4ae5-b0ea-a1144eb172cb,invol_churn
20502,user_37ee0883-22f4-4e41-8441-07170daa0da3,invol_churn
5031,user_3861323f-9895-4109-b4f1-942fa2f7c5ee,not_churned
23763,user_387211a0-19c7-454b-8a09-b7aba0dd4da7,not_churned
14943,user_38e11125-388d-4ded-aa2a-29f9e9569f9c,vol_churn
66228,user_38e1924c-bc35-4d00-91b8-4f67029e2f5f,not_churned
26404,user_38e89ce9-b083-4387-a32a-ad5b53226012,invol_churn
6843,user_3924f698-83d4-48a3-89d8-0ae9fecf3059,not_churned
23587,user_392c5a34-b5f6-4a43-9455-64c2a33d97ad,not_churned
63352,user_39758ee4-47e9-4fbc-916a-5f7f180994f2,not_churned
76095,user_39959736-fb4b-4560-9959-c758ca2d12b8,not_churned
73015,user_3a48c8ef-de13-41f0-95cb-6347e6df8afc,vol_churn
13450,user_3a551377-5955-4d82-806e-20ebdaa7fa9e,invol_churn
75934,user_3a8150f6-e5d5-4942-a405-44f6e121446d,not_churned
67420,user_3a8bc0a6-9a88-4d42-bdc9-f5fa7829349e,not_churned
10236,user_3b1646cc-a893-4c46-a746-ecc1f9dfe2b2,not_churned
82793,user_3b1fac2f-8f00-4920-97e0-2f9e1d225b57,not_churned
13878,user_3b3595a6-e654-46b5-a38a-5f95b8c76f0e,invol_churn
71853,user_3b36fb7f-1a7f-496d-8580-9287d47007db,vol_churn
81044,user_3b3e2b39-5710-41a7-b74d-c2e0f2417316,not_churned
38102,user_3b5a0438-3ccc-4641-aa14-a346afbb1253,vol_churn
70371,user_3b669d71-20b6-497e-af5c-14fff0765d4d,vol_churn
71658,user_3b7e112c-ab4f-4b5a-bf43-fa7c46e953e6,vol_churn
27129,user_3bb86d92-dfe4-4f3d-9b20-d42cba519f25,not_churned
35856,user_3bea5eb8-60dc-4ae4-a7a8-65746a819131,invol_churn
67637,user_3c2b961c-d450-48a4-8e67-774d34b067b3,not_churned
47730,user_3c695283-dc27-4c8e-b1b4-9f679d1fae7d,vol_churn
25495,user_3ca2340d-20f1-49c4-8375-2e68880aa772,invol_churn
75010,user_3cf44f2b-dbe5-4e8a-b50c-3ac2e4a97b09,not_churned
17630,user_3d08ae13-2801-46da-955d-e4a40a956b83,invol_churn
13842,user_3d1593cf-bc2b-4348-833d-963f41df96ae,invol_churn
68999,user_3d229fb5-d5f5-4aa3-92ea-59d054138fa6,not_churned
23927,user_3d39bef4-27a8-4e41-b1d7-2fe77f4500c9,not_churned
39189,user_3dae0b78-944f-4321-a8cf-fc74184b264c,vol_churn
38928,user_3de4d0a6-88f1-4e02-8e96-3f5e64dc7571,vol_churn
27887,user_3e34ff73-939a-4657-8467-bcaba8f376e8,not_churned
49275,user_3e593cbd-e287-4822-bf97-46bc37ba346b,vol_churn
70013,user_3e7172ff-194c-4593-a2c0-4cca16c586fc,vol_churn
13635,user_3e88c367-fce3-4174-acab-50ddf947b0f4,invol_churn
8936,user_3eb153b4-0aef-408a-84b6-1a7075578706,invol_churn
71043,user_3ed0776b-62be-4c81-a58b-33d8fbe18d49,vol_churn
47641,user_3eed5745-8856-460b-8d20-7eda8caddc27,vol_churn
61855,user_3f292e79-9ab7-4ce4-9dbf-216af88779ad,invol_churn
73878,user_3f675d53-3e95-43ca-8bd3-f39c3c5658ed,vol_churn
9830,user_3f74fd53-2008-42ea-9d40-17e8962233b0,not_churned
76032,user_3fb09af8-b2a8-4761-8d3b-5e7dfe142c16,not_churned
79334,user_4008fb94-53fa-4a39-9b2d-f49edd5a722e,not_churned
50906,user_400aa37b-039d-4cc8-922b-f04ba38871d9,vol_churn
77916,user_4014128c-0f73-4bca-aee2-3820971662f0,not_churned
62703,user_4026fd6f-6907-4edd-9dbc-339f6f65bb57,not_churned
45670,user_40c910ba-374c-4041-b4a3-cf45a4f7c883,not_churned
29899,user_4102e349-5aa5-42d4-b15b-eca2aed4a1e7,not_churned
8281,user_4105ea54-b2cc-4f95-b03f-8591abac2284,vol_churn
34343,user_412c6da1-462a-4d1e-851c-1f63d8c75cbb,invol_churn
68184,user_4162891f-bcb8-400d-b8f7-ae3254608adc,not_churned
78618,user_4174c228-47eb-4e6f-befd-58cf2d4c647a,not_churned
25675,user_417affee-bd09-4961-bbbf-23e121aac7a8,invol_churn
71381,user_4188960c-a270-4b12-96f1-5dfa91ee99ef,vol_churn
39492,user_41f64a9b-9a62-4b23-aa3d-a269d542904e,vol_churn
2665,user_4201ddd3-09d2-4dd4-b93b-65814d16fef6,not_churned
53825,user_4208ba57-2d57-465d-9013-d6283b21be31,vol_churn
29325,user_4211b7b1-cb4e-4ccc-aa1d-c6b9cdc11873,not_churned
78312,user_421a0539-4bdf-47c5-aa5e-31e1d9e0f1cf,not_churned
28545,user_4231a0e4-61f7-4b94-a00b-65a3220da8b0,vol_churn
77536,user_42463d3c-7abe-45d4-aeaa-cee95e628c4c,not_churned
5935,user_4280135c-1a3c-4d11-9fd1-6c2acb851079,not_churned
86182,user_42849940-3a02-48f9-9294-47203f6de311,not_churned
19723,user_436279df-8ae7-478b-912a-0a28ca2e5a21,invol_churn
14960,user_436ba0b7-647a-4d52-85e4-6ff6c73f37fb,vol_churn
5064,user_44656eda-b46e-47ae-9acd-545f3d3a45c6,not_churned
26480,user_4472261b-6659-4c8a-9356-f55122679bd8,invol_churn
69605,user_44c49d34-f66f-4f15-b4cc-24bceffde601,not_churned
86351,user_44cc1c28-0dea-402b-8abc-1cc6d5edc4ae,not_churned
33637,user_44da3ce9-88d0-4765-934f-6975d6cb5000,invol_churn
43715,user_44e3c07f-e9bc-4301-bc00-285d8759ace6,not_churned
8735,user_4548d48c-8d95-45c1-ba9b-8dcf3541a9f3,invol_churn
41148,user_4552b62f-9f59-47f1-b219-d4f22dc6f59e,vol_churn
69823,user_4599f53d-1c6e-47d6-be0f-7ed52ab5e409,not_churned
61496,user_4604761d-e9ff-490e-a51d-32fc6fd0ae0b,invol_churn
56525,user_460c7fbe-9073-42da-9ce6-f9dd2f7e5810,invol_churn
29241,user_46697b05-6f65-46fb-b540-cd82c3b5b464,not_churned
15728,user_466a3536-353a-4a99-92d6-17f0a855098c,vol_churn
67253,user_468e8726-d86e-4fb3-a31c-92ddeae267f8,not_churned
63348,user_46a1c212-8625-45a8-89b4-420c706927a5,not_churned
46594,user_475c770b-3fb9-4e0e-9f5a-aa7d24667311,not_churned
18504,user_47804bb0-7eba-4e26-ba13-8d11957ca0c2,invol_churn
10981,user_480cadf9-102f-4dc5-81b4-5785c93e580f,not_churned
68026,user_485ad9be-b18f-4266-93c0-1524825d57e2,not_churned
40094,user_488eae94-7d47-4588-9fe4-aed96d1e405c,vol_churn
18394,user_48cda64f-973e-4948-bbb4-4081d535c828,invol_churn
24114,user_48d7da7d-8533-4e82-ab9c-407317a69d95,invol_churn
37469,user_49267d30-b970-41e1-b6b5-cd7aee682dbe,invol_churn
3665,user_495934fb-a851-4ff9-8f82-ae504e2c210c,not_churned
2597,user_49722e30-bf7e-4330-b079-fa11179cbe3f,not_churned
73352,user_4988d4b5-94e0-496c-af51-b8dd7b78179a,vol_churn
47776,user_49896845-1f47-443c-9ae1-246aae772243,vol_churn
65867,user_49a9086f-002d-4770-ba6e-0c316f4f4985,not_churned
73934,user_49addd2c-42f4-424b-a8d6-a936a763bb2a,vol_churn
21390,user_49fb468a-13c7-407d-bd63-00f71d0164c4,invol_churn
73849,user_4a00b668-9e38-410b-8a73-2f6a57430ada,vol_churn
42510,user_4a1e4541-890e-4a16-a674-ec69e344cd5a,invol_churn
75046,user_4a36c614-89f4-4fd7-890a-8a4892870f35,not_churned
40573,user_4a852cf6-fc8e-4903-9eb2-d43fccedce73,vol_churn
36969,user_4ab5263d-1970-4993-8ebb-ce9869e94ea2,invol_churn
55438,user_4ad8609c-91ba-4a56-8404-567ff033a622,vol_churn
53794,user_4bc0b7c2-ae0b-4c8f-8837-da65a7f23682,vol_churn
28798,user_4be3a59a-274d-4e90-ad47-07cdf87b66b4,vol_churn
37521,user_4bf68f2e-8ea0-4a8f-be4a-26da05a9b97e,vol_churn
58578,user_4c39f272-1db2-4068-a138-c87c53e85d86,invol_churn
65799,user_4c867140-2682-4ee6-a2f6-a2fb1c5cecb2,not_churned
5952,user_4c97e73f-fa7d-4682-ba97-0317aec0a1e1,not_churned
84390,user_4ca1cc2a-0ff7-4f55-85d3-ac32b8d10534,not_churned
35117,user_4cafc8b2-ceb6-4020-98e0-78468d105697,invol_churn
72227,user_4cbd647e-7be1-4da3-be17-64dbe8e79d1b,vol_churn
42462,user_4ccf6a4a-0645-4680-b81a-134409f75767,not_churned
31726,user_4cf36cb0-c4fc-46cc-ad91-df98346ae6c3,not_churned
39130,user_4cfb95be-3714-441a-9ad5-e50f8e9ae9a6,vol_churn
8563,user_4d115b29-f8fb-48d6-8502-cdbfb02d9a0a,invol_churn
29376,user_4d6a2013-8b4d-423b-97d0-7fd045e683e9,not_churned
16941,user_4df3f0c6-9802-41ec-b25e-a92358528335,invol_churn
48220,user_4e017eef-2282-4111-a2c9-63c92c6390c8,vol_churn
41671,user_4e2d0978-1b7c-40dc-b26f-6fe79511ee92,not_churned
61341,user_4e2f7d37-de9b-40b2-994e-8e2f61070d09,invol_churn
46392,user_4e32b9a7-b4e5-40a7-bd29-4c8eb215f5f6,not_churned
14558,user_4e3457d1-dcff-4411-9c56-4778612b85d1,vol_churn
953,user_4e4b879b-5785-4008-837a-ee7779c7cf10,vol_churn
51123,user_4eaa537c-d87f-428a-9634-c09b1ee46349,vol_churn
32954,user_4ebb098f-a756-4f5e-8be0-7eb20e6a287a,not_churned
86171,user_4f1a4262-599c-47f4-9781-6144744ce223,not_churned
54067,user_4f1cc9b8-51ed-4b28-bec6-61e89cbfa253,vol_churn
86657,user_4f286bc5-c45e-45a3-b0f7-edae5229ddf2,not_churned
73607,user_4f45dc02-5f5d-4c04-9059-45c13ab312e7,vol_churn
63640,user_4fdda00e-210a-4fd5-8a50-6f9ce0bacd81,not_churned
39236,user_5037b2be-dbfe-4778-80b2-76e881103215,vol_churn
4138,user_504ab289-0952-493f-b38f-9d8c5912cfc5,not_churned
15394,user_505467b8-47a5-451b-8204-418c4d4e7849,vol_churn
74574,user_507815ef-94e4-411d-b455-b52bacfd122e,not_churned
73028,user_50a4c0a2-f6ca-4f50-a0fe-c577d2a2da39,vol_churn
30651,user_50dd448f-f542-4c3e-8a42-38d360dcbd0f,not_churned
18654,user_512eefca-f589-46c4-bdfe-7feb325a6c6f,invol_churn
28035,user_51691007-9cac-4c50-80b0-a2225e877130,not_churned
48641,user_518dfbcc-91e0-4d41-8b66-d535c646aba4,vol_churn
20504,user_519330a0-bce1-4492-a034-debe22eeadc5,invol_churn
19020,user_51e38322-d729-49d9-8066-8412169a73a8,invol_churn
80576,user_51ee084e-02c4-430a-bee2-4fbaa95cd165,not_churned
7240,user_51f4345e-ab72-458a-b261-92a135b0a8bc,not_churned
20375,user_5209cd9e-4625-4219-8cac-227ba6768d5d,invol_churn
80760,user_522790c9-27ea-4d8a-8e0e-5d8df5a835e5,not_churned
63304,user_524beadc-1618-46fc-ba25-84ce2a1ec8d7,not_churned
61019,user_526715fe-77d0-4bfd-95d2-b85465eb1099,invol_churn
85808,user_5289b780-506b-47ef-8bf5-ba3523fe4682,not_churned
8516,user_52911288-8289-4691-81cb-97cba040ee2e,invol_churn
69808,user_529e7b51-0424-45fa-be69-e22c08c02d13,not_churned
59472,user_52aa14bf-326d-4be2-9962-975346918504,invol_churn
37697,user_52cd0823-46c8-4253-a459-b724fd6e6233,vol_churn
44190,user_52eeb8b4-05ae-4559-b111-3148d8ec1f69,not_churned
79121,user_52f2d20c-771a-4348-ab62-a8aca9df3d15,not_churned
41004,user_532f23ee-bad6-4095-8b00-0d369d01d2d4,vol_churn
77281,user_5359178b-9ae3-461a-9fa3-730e6cb4fcfe,not_churned
44546,user_5389d980-cb0e-4098-8299-ae212cdca3d6,not_churned
47927,user_53cc2185-4117-4f5a-8c5c-f8150cdc111f,vol_churn
44411,user_540d458c-1b85-4ae0-b727-c3fdbe58a191,not_churned
65311,user_5459c6ca-e516-4380-a62a-225365e8c529,not_churned
34943,user_54c1744b-6ac8-4041-8192-09b321045ca1,invol_churn
74613,user_54c4fe81-e885-4ce2-b418-c3da588316ae,not_churned
55972,user_54d3052e-4e4d-4b1e-b4e4-6d5085111f0b,invol_churn
41405,user_54de3e38-5029-4e60-840f-942d35689d3f,vol_churn
86597,user_54e44473-a29d-4fb3-afc0-f4e03ff83e23,not_churned
39633,user_54ec7e6b-fd8c-4c6a-9155-669cdee46f19,vol_churn
42279,user_553d7fb9-af9a-4ebc-a9b0-ecaf0ad9056c,not_churned
5295,user_55f2bd99-76ab-4500-91f2-8ec521665ac2,not_churned
9092,user_5630eecb-445e-452c-bdec-e2a9b905e60c,invol_churn
36753,user_5655f0f1-a90d-4c2b-aac4-0e2f49198c9d,invol_churn
79181,user_568fd147-5735-420c-b427-92dd75368ab7,not_churned
22372,user_56cd49bc-672e-49b1-ac7a-de37eca8544c,not_churned
20924,user_56e805af-8ef8-4ab5-8e1d-45f967469393,invol_churn
10461,user_56e80e71-53c4-49b8-a018-45ce36cdfee5,not_churned
38948,user_57386d27-284e-4a6b-87ee-d18c5e536aed,vol_churn
42686,user_57b2529d-2d93-4fb8-9801-d6ea7164d33a,invol_churn
63646,user_57c81840-8e25-4ca4-831f-384ea23eef1f,not_churned
25537,user_57cc61cd-cb6a-4407-91df-90d2ac9f62c7,invol_churn
70006,user_57dbd98a-2fa0-476c-9618-8929a5f896b0,vol_churn
53052,user_580b42d3-1607-4a06-a4fb-c75a3bb472aa,vol_churn
36126,user_5868a8ff-80f6-4bfa-8045-df3c037f2925,invol_churn
17774,user_58b923c2-19ed-4b8d-9045-cc432a51facb,invol_churn
77346,user_58de5bb5-74b6-4acb-88e1-a1bd93381d9c,not_churned
82378,user_58e2f4fd-68cf-41e6-be83-7ab7cadd738a,not_churned
83381,user_58fe3924-621f-469b-a7f7-7c8f2a7993c6,not_churned
52623,user_598cbf08-f125-40c5-ac94-e7160ecb9d93,vol_churn
82678,user_59a938eb-ed76-468d-ba66-e35ad4aa0c66,not_churned
15348,user_59cd1644-f465-46b1-a476-c9bee188e99f,vol_churn
16953,user_59ee8702-dd41-4138-acbb-3d486497f392,invol_churn
53495,user_59f69338-b62b-4ec3-aac4-1b68b2bb2646,vol_churn
65136,user_5a14b73b-41df-4c31-9661-ad69d5841f96,not_churned
66364,user_5a409463-a489-4d98-88a2-03b6202657ac,not_churned
9771,user_5a6768e8-708b-403e-9d24-4646213d8fbe,not_churned
12503,user_5a6ae21f-e6f3-49eb-a9cc-f737c79e346b,invol_churn
24261,user_5a76ffed-e644-47c2-b0dc-f522704a0b0e,invol_churn
80616,user_5a80d1c7-d6d3-4970-8114-79d807d4e075,not_churned
81920,user_5a97171f-9cff-4745-9399-c3580514009f,not_churned
89026,user_5aa25c9f-e020-4563-9e9f-a3c63151a9e1,not_churned
70790,user_5abac840-1169-4ede-bec6-0eabe9b3f6e0,vol_churn
86427,user_5ac30abc-8831-44f3-ad64-78b4c2ffc88f,not_churned
73116,user_5ae6b71d-7eea-4f8d-bd89-6a0a52627050,vol_churn
58589,user_5b0e853a-fcb6-40bd-9b10-854fd6ee56ca,invol_churn
75909,user_5b1a84c2-1322-44d6-ba2d-2c7faabadf98,not_churned
1107,user_5b666871-79a3-4304-b794-197a04c51227,vol_churn
38882,user_5b9bfd1b-414d-4e3c-9bcf-92a539da860a,vol_churn
6010,user_5c279ca3-2591-4c42-befa-0143806b8363,not_churned
45320,user_5c304738-df5e-473c-9380-541019c62b2b,not_churned
13090,user_5c63777f-157a-46bb-9e75-bf562596a011,invol_churn
17203,user_5c7dc8b2-1e04-4adb-920c-ea6f3d53a926,invol_churn
34574,user_5c9c676d-fcc7-4819-896f-e5b5f6822611,invol_churn
26686,user_5c9da1fe-a3dd-4f89-8fbd-577e9edc8206,not_churned
15129,user_5ca45c6e-e047-436f-9467-5cadeb9dc682,vol_churn
63488,user_5ca66d93-ef33-4e09-97ab-a0de32341f93,not_churned
85483,user_5cd01a93-3b10-4a99-8d91-53626c0f6171,not_churned
48377,user_5cd3c075-f898-4d5f-a847-ee231ce57846,vol_churn
59693,user_5d149615-b111-45b2-9cc8-f5e8ebc430fb,invol_churn
48386,user_5d63ae44-ea0b-455d-aada-f915b689545a,vol_churn
74792,user_5dbf5118-b85e-4392-b782-42fd39d63a15,not_churned
11334,user_5e3f4b03-5e08-4ff3-8d46-cf262ee759a4,not_churned
27717,user_5ee71d7d-e64c-4e42-83b4-84c575c24152,not_churned
3434,user_5f6fbfaa-403d-4ed0-a923-e39577122784,not_churned
31732,user_5f89273b-1404-468b-a25a-33cf9157c79a,not_churned
72712,user_5f8b1fe3-f347-42e7-b72a-103882e82b48,vol_churn
52549,user_5fc12576-4113-4c9c-80aa-5d29a00e693a,vol_churn
12042,user_5ff25a2f-55a9-4bbb-9603-5e489deb340d,vol_churn
23696,user_6049f6f6-5eea-46bb-aab0-6ed643afc711,not_churned
62386,user_60590072-5cf3-47d0-835b-c29baa0b691f,not_churned
68576,user_60895c7d-3488-4925-a9bc-9f289c7f2ab3,not_churned
31683,user_60e6fd99-68ea-42e6-9fe5-b75d4386d4ef,not_churned
49424,user_6183850f-e6ba-4d7a-94b4-c011feb8f814,vol_churn
82505,user_619ecb15-a9ac-472f-871b-9f569466c1b9,not_churned
67631,user_61c0b7ef-b6ca-46d0-a383-abf3e82054f7,not_churned
47592,user_61d66f4d-5351-42af-8196-df4791114466,vol_churn
66807,user_61f09002-e812-4d7e-94fa-2a7f9b8ed5b1,not_churned
51856,user_6228f6ba-12da-4197-868f-c06083f3bd3d,vol_churn
77797,user_626d2c39-4eb4-491c-b6cf-25f9999d5872,not_churned
10063,user_629f31d8-5e07-43b2-b162-5eb650b131f4,not_churned
2541,user_62d9203d-8d63-432f-bf7e-ba0e01d5c3dd,not_churned
82544,user_62ed97d3-6f1b-4359-9436-de8d9ae7313e,not_churned
42919,user_63081fb1-292c-4ca9-9fc3-4575fe44f275,invol_churn
69948,user_632bdd0a-887f-4d37-b747-724220662c2f,not_churned
54201,user_636e0bba-4b57-4309-bec0-77f75cf3437a,vol_churn
59624,user_63e457da-ff79-4855-86d9-1e2d5e910b03,invol_churn
54625,user_64155746-fad7-4306-870e-b9199fa901cc,vol_churn
70550,user_64244262-b08d-4eed-bb44-573e88697b8a,vol_churn
46992,user_64988426-93c3-4ce5-8934-733dde163e92,not_churned
48874,user_64c3250a-1fa2-4030-bb23-98cc7a36866f,vol_churn
43346,user_6503989a-ad14-4dc3-8421-e0782c9b5de5,invol_churn
17106,user_6505fc7a-cfb6-4a26-82a5-bf503a60dbeb,invol_churn
78626,user_65b26640-9ed1-4938-99c0-7727595ac3f4,not_churned
32906,user_65c27613-e0f0-433a-b7ed-4a261843503b,not_churned
83496,user_661f999a-812b-4780-8357-2d81cb56b1b1,not_churned
24315,user_66437f18-1306-48e3-a839-3a52c7944f33,invol_churn
2641,user_66736c0e-f083-4cbb-8dd5-4fc2e4157e76,not_churned
25361,user_6674d161-cacb-487b-9c22-4319ee05379b,invol_churn
46572,user_667db226-7069-4aff-a7d8-117867bc92ee,not_churned
53182,user_6697bcc1-8a21-446c-b0b6-716213538504,vol_churn
74338,user_673a54e4-c377-4a0e-8493-c0af238fdfa2,not_churned
14147,user_673e322b-4ab2-4fd1-9853-305ed40e6cda,invol_churn
18472,user_6745cc93-31e9-47f0-9270-693102a159fa,invol_churn
59935,user_67508894-f3a1-439a-b30c-72d9697515e0,invol_churn
30600,user_678c528e-1479-4c2e-88a7-3eb490eab248,not_churned
283,user_67a6af00-47bf-4928-8bc8-bbf31c6ed887,invol_churn
15502,user_67a8aa68-fa32-4c1c-a9f5-3cc4718d48d2,vol_churn
20110,user_67ebcf20-a0b9-4b41-81e6-c6c03626d926,invol_churn
68189,user_686cf2a2-10ad-4aa6-a8d3-78e783d2fcbf,not_churned
32618,user_68bf7c80-4754-49d4-b34d-0ea1cbfd38b4,not_churned
76325,user_68fb5804-071a-4f83-9018-8dc41b3496b7,not_churned
45202,user_693af99d-d81d-485d-9900-2628418e2be8,not_churned
13710,user_69657512-b5c7-4562-8e2e-e10c45a0838f,invol_churn
24273,user_6a10e30e-7b57-4065-8149-d7fc42afb777,invol_churn
77724,user_6aa055d8-5d41-4ecb-8693-b8a7078d2556,not_churned
45076,user_6abbbfb5-d838-4859-818a-c5622ef663bd,not_churned
1291,user_6ac16183-eda9-43aa-9741-fcf472a7b21c,vol_churn
46263,user_6b22ebe9-cb9f-43d7-925d-006f485a7be1,not_churned
25723,user_6bc7a1e2-b728-44b3-962a-8a56d899f8e0,invol_churn
89935,user_6bf0d644-98f2-4a27-bd6b-c244520edbcd,not_churned
17540,user_6c2f0b9a-2b94-49b7-93f2-210598662d06,invol_churn
34111,user_6c3d4e71-119f-40bb-934d-90c0506361e3,invol_churn
88358,user_6c5a75e9-5364-46f1-9dc1-f1729cf9858f,not_churned
59847,user_6ca57636-cf83-42a8-bed6-28080fb87124,invol_churn
76834,user_6cb6ec55-617f-4225-896e-13d3edc3ec50,not_churned
50988,user_6cd49994-ae5c-4355-bea6-a2331a83441e,vol_churn
52202,user_6cf4b256-9f61-4cab-a3d8-4b504e9856ae,vol_churn
82919,user_6d165ba1-6b07-4986-bdf4-c57f06a25625,not_churned
81972,user_6d4f6ab3-fc81-43b2-8da9-5c2d9ee77c5f,not_churned
19515,user_6d50de0c-5f85-4a59-aa26-736c96fdf4bb,invol_churn
46780,user_6d61a433-3c43-46dd-b738-44e89648047e,not_churned
14463,user_6d62983e-2da9-4cf9-b2be-21cdafbb03ce,invol_churn
59351,user_6d88865e-b0dd-4968-b8a0-aaca046ea828,invol_churn
67423,user_6d8f3d26-e0f9-4088-a956-632d37989612,not_churned
71979,user_6d945d25-59eb-4c79-94c5-e9e1cd60b137,vol_churn
39021,user_6dc30981-bc20-49b6-ae61-5ee3e5428490,vol_churn
80244,user_6eb8a317-1c4b-4ef2-9b19-feb7d6b251f0,not_churned
38116,user_6ece39f7-5a81-4754-a733-47ce3c6cfcb9,vol_churn
64680,user_6f308a83-f83e-4ee9-9413-691d18c00cf5,not_churned
31964,user_6fc5ea91-c3fa-433a-9808-14b8aba0fabb,not_churned
49794,user_6fefdb82-a053-4d99-b183-928abb64ffd3,vol_churn
59621,user_6ff68835-0321-4e15-98e9-ed2b7f96bc61,invol_churn
22879,user_7020bbba-bf3a-4507-9561-042934181e8f,not_churned
80029,user_7065d26f-7e7a-4d87-ba68-b542c06b4f2a,not_churned
30694,user_70ad028f-c8ed-4784-8ff4-b5e778780065,not_churned
46981,user_7103e501-da22-4343-8b6a-2e793dc9ad87,not_churned
17843,user_7113390d-2f96-4ecc-8a58-973f89524bf3,invol_churn
22287,user_71190c87-b11e-43db-b196-e6a88da3420a,not_churned
25183,user_71689b47-cdca-4ceb-bc20-53a461fefcfa,invol_churn
24435,user_7196651e-282b-4447-a11a-2eae4dd10636,invol_churn
20781,user_71bd5541-7fa5-4b6d-89e2-922b35b96ee1,invol_churn
12943,user_71c878dc-7da6-4af5-aa0e-4544504de064,invol_churn
88508,user_71fb7528-4828-44e8-817f-a2f82ab91dd0,not_churned
54231,user_72522a23-86b6-4665-a0ab-65392f71f3e1,vol_churn
31745,user_7273053e-fc7b-41d7-9ea6-9ab09bbe74e5,not_churned
81184,user_72a49bab-92c6-4a7e-828b-fced60969d2d,not_churned
44495,user_72c2db4d-a4a6-48e0-b6f0-405bae859975,not_churned
63338,user_72e2ce83-69a9-4610-8ac3-f41316c71cce,not_churned
61879,user_737aca0c-df05-4a2f-8254-de3bf2d140b3,invol_churn
259,user_747acce4-cf7f-4837-b0ed-369467660495,invol_churn
66026,user_7494acaf-164f-4933-8f64-2bbc463ba665,not_churned
2001,user_75493a3b-3de7-4463-9b17-7e682bdf5252,not_churned
61270,user_754b4f6f-3b9a-4211-8db3-48f1b9ad68a8,invol_churn
2713,user_7580623c-bf59-4a2d-b27d-b19d6df7e91c,not_churned
4982,user_758cde00-b9c2-494c-b613-9957bac265af,not_churned
33825,user_75bb229f-65b7-451f-b3ea-cc90f14a5e4f,invol_churn
21658,user_75cc1f95-4238-4bfd-8ef9-eadcd1d0a51b,vol_churn
6969,user_7604e11b-29a9-4546-bdd1-b2a7b60e741b,not_churned
68310,user_764e00d1-2577-4fa9-a056-cd45e137e246,not_churned
45977,user_766a2fed-c496-4818-bbc1-5913295c2e3a,not_churned
47998,user_767f9790-4089-43bd-9b9d-d51e25a1c48d,vol_churn
15402,user_76a25017-812d-47e2-a969-bf80f6d0ab24,vol_churn
81800,user_76abbd47-8077-4add-9c83-d4338e1f336f,not_churned
55641,user_76c76739-f276-43ab-90ff-bace30352c90,invol_churn
44557,user_76e69622-e99c-4cd6-a4c3-e5706b4214fd,not_churned
64174,user_76f211d5-c975-4a4f-a503-d37434f78ac6,not_churned
7216,user_772a624d-077f-4559-b4cd-ff52368bde9c,not_churned
76925,user_7773fc1c-c6a6-4852-b549-1629b5c712c5,not_churned
10849,user_77b7599d-4a86-4184-9b21-0d90f762859f,not_churned
37229,user_77fcb49d-c728-4ed0-a599-a625ecce27e9,invol_churn
72539,user_7846595e-b88a-4b4e-a423-1db479938525,vol_churn
40263,user_7871e3a1-eb8a-4520-87c8-2133ac1f4c5a,vol_churn
61539,user_787bf620-4f28-4bdc-805c-1efcf28e54da,invol_churn
29075,user_788dbc9a-c35c-4eed-a7ef-a760da4e7817,not_churned
37081,user_78a67cb6-7f1d-4ae5-8bec-6491e9c5efe3,invol_churn
60580,user_78ab4846-05d0-4568-86b2-dc4984e67bcf,invol_churn
28447,user_78c3c1cd-8535-429b-bcf6-143d3f62f4d4,not_churned
8045,user_78c80980-72a2-4a7a-aa8a-f779c657cdd9,vol_churn
7217,user_792481f0-5c16-4634-8c63-4969f3366a87,not_churned
12227,user_793cfe98-aa03-453c-9d13-7642394e8189,vol_churn
24543,user_79512066-7693-4e11-8f31-a7e92613dd29,invol_churn
21057,user_7957102c-912b-4865-bcd2-7ca7eed9a2b7,invol_churn
25248,user_798652be-4bbf-48df-81b3-c12404e12cf0,invol_churn
19285,user_79d64f15-51c6-4c57-92da-f3edf751300d,invol_churn
54443,user_7a0ba399-90ea-42ee-a5f3-04028f8a90b3,vol_churn
24443,user_7a3744b2-2131-45d9-9bc7-5b241bb2d556,invol_churn
42844,user_7a66d0c3-bcd6-46ef-9f77-3b035f1a3d6c,invol_churn
88795,user_7a8baa75-77ef-4f26-9bfd-df08e6757ac9,not_churned
61206,user_7acfe99c-f170-4e11-bdb9-337c22b49a5e,invol_churn
43896,user_7ad955f4-e769-4040-b042-e8aa4d254d22,not_churned
66202,user_7b02d7c0-1e42-423b-b527-f4620511e433,not_churned
68175,user_7b2f5a5d-b945-4adf-b4b6-e521514b6561,not_churned
58417,user_7b3a2e01-0a60-4c3f-8f45-4a5556622493,invol_churn
54922,user_7b6fc3a0-f126-410e-b59f-ca60ed89ca24,vol_churn
82446,user_7b900b1e-903c-4c6b-a6bf-380a1632625d,not_churned
31380,user_7bd8c109-b107-4149-be44-af9a6028a03b,not_churned
12423,user_7c0d8d5a-0656-443d-b2d3-a1fc698333f5,vol_churn
56818,user_7c58e8d7-3a0f-4a11-afcd-2de24700eb37,invol_churn
25865,user_7c7c1123-55b6-4723-8ebc-ed7a9624168c,invol_churn
22988,user_7cb58c32-6dfb-46b6-8d7f-e2d3bea99c4c,not_churned
21058,user_7cba363f-32b7-4bde-8aac-9b2614e7aa8b,invol_churn
48626,user_7cc46e96-4852-408d-9a1f-c04b67173866,vol_churn
30757,user_7cccc532-9eac-4d43-954c-23b494bc9e24,not_churned
4681,user_7cd1a622-a90d-4c59-9efd-79b34110ab9c,not_churned
10999,user_7d0a7d37-d3f5-4598-ba95-babdd327bdcf,not_churned
31894,user_7d59cdd7-7c35-4145-a7c4-f41cb83427b1,not_churned
52807,user_7db41e18-694b-400a-aa24-8f59fd97345c,vol_churn
29278,user_7e103a4a-acab-4f8b-8a3b-cdd0aea3c1e9,not_churned
13222,user_7e1c9c21-8a5e-4614-b732-bb0b2f9c9ff7,invol_churn
41380,user_7e332cb4-1ea9-43c3-824d-230e506a4398,vol_churn
45566,user_7e36ce41-7e46-45d6-bf31-b11993d4bb75,not_churned
63395,user_7e5003d3-d8e9-47fe-8699-885e942a9373,not_churned
86318,user_7e5480a3-b669-4849-a6d6-ed2f99a2f2fa,not_churned
40746,user_7e8dab75-8a28-4365-8797-ed7ba431acc1,vol_churn
73163,user_7e901589-6cec-4635-9c02-5f50b4be4b22,vol_churn
51929,user_7ed1630e-fb06-48e2-ba63-df8707f37aeb,vol_churn
58844,user_7ede8c58-53ad-4572-a920-9e069a7b7d79,invol_churn
60361,user_7f04e0f7-63dd-4939-9b52-8daaa494354b,invol_churn
7683,user_7f26f39c-1d42-4b6b-a4bb-c4b2fdc1b279,vol_churn
46247,user_7f3c096f-66c9-47fa-aec3-d7b833517398,not_churned
11965,user_7f4be949-9c23-4bff-a2a4-a07d558865e0,vol_churn
23544,user_7f8a59ba-b34f-4111-aaec-152a1c0332b4,not_churned
82138,user_7fc3ae09-c163-4933-9c08-9f8725b90ffd,not_churned
25398,user_7fd00947-dcac-44bc-979e-35482f2b61e6,invol_churn
79530,user_80ad608d-e55a-48d2-9e5c-e61b8b7ba141,not_churned
57557,user_80d6645d-7710-4c82-8a1e-d30380909e8f,invol_churn
50901,user_80d68b6d-c986-41da-8d2b-fa16a2d29575,vol_churn
65371,user_80ed5342-b9b5-45e2-9628-8233282f3870,not_churned
47594,user_8126d872-9416-4c7b-82ad-af51bbee615d,vol_churn
25058,user_81337c18-e510-4121-a3d1-ca429a15c8bd,invol_churn
67276,user_81750521-edf3-4bde-bde5-d18936ec9d1f,not_churned
58794,user_8177efad-7f8b-4bd1-bcdf-27704afa0dff,invol_churn
76711,user_81cb56b5-9761-4ce0-a068-319d3667da4c,not_churned
54025,user_820b9ef6-1197-4cff-96f6-4335b053f4ae,vol_churn
10986,user_8240165f-4c0a-4825-b4b9-b2d8b79e0eef,not_churned
88230,user_82b968d1-f9c9-435f-b1e9-17988a7768ba,not_churned
47488,user_83018ab5-97bf-4da6-afed-c9526544c601,not_churned
19775,user_8311c3fa-0fb7-425e-bc8c-74fff0362873,invol_churn
76207,user_83ab30a7-27be-4f36-9e14-88bc85bfdd0e,not_churned
61915,user_841883e6-68dd-461d-9ba7-2a5669bca5b8,invol_churn
82240,user_8459421a-b554-4704-9f5c-a16b11a4523e,not_churned
88599,user_84595b83-5689-449a-9a25-dae8992aac05,not_churned
25544,user_847e681b-5947-448f-b7fb-2cbd54690b46,invol_churn
27591,user_84a63a2d-d52c-4460-a924-f4ad4965922c,not_churned
51933,user_84b470bc-8493-40fd-9612-aad8d3818ac2,vol_churn
23649,user_84c002c5-eac7-4e9d-b0e8-cfa8034a88fe,not_churned
85339,user_84c8f391-3cc9-4fc1-8451-2b27b4a97810,not_churned
55242,user_851da515-433b-4ef1-9c59-69dc0d2f36d4,vol_churn
82281,user_8557a78d-b6ff-4cc1-87e3-05b1951fac90,not_churned
69826,user_85637ec7-eef4-422a-827b-a6826a81f91c,not_churned
72413,user_857f8f05-c259-4e7b-baa8-b18f577e30d7,vol_churn
81482,user_8589a5e6-b8ba-4849-b2e6-68a6b692e8d7,not_churned
71045,user_858d8a57-50ab-49f3-b3d3-6ada395f6c68,vol_churn
1628,user_85d2094f-7eaa-489e-92de-cc404ef4668e,not_churned
83299,user_862dec0d-874c-4014-8720-a532f4e58f03,not_churned
77399,user_8674a34c-edae-46f9-946e-09610f4ce08b,not_churned
34209,user_86ca43a8-283f-4f29-9afa-4f6d3a02c60b,invol_churn
78529,user_8720ee10-df29-48f8-b950-28da56054adf,not_churned
64535,user_87888819-b935-43b0-855f-eaa33791c698,not_churned
41841,user_8793e198-9be1-4276-afde-fc2557f7db4d,not_churned
89482,user_87c558b2-b191-45f9-bb54-beb80dfc8b00,not_churned
30361,user_87cc6ff5-8dea-4c23-b282-d17ed5e13a27,not_churned
25296,user_87df0657-c0e1-45ae-a3f8-9a0b259a6e7a,invol_churn
5526,user_87ffe8f6-3cd3-405d-b58c-f86d8bdd19ca,not_churned
66634,user_8844a2c1-1414-40a0-bec0-dcd8a90b3e62,not_churned
24157,user_8881a793-55c5-405b-845a-f4a25bbca491,invol_churn
39558,user_88bda44f-c4da-4a2f-a9d7-dd188cd9babd,vol_churn
49204,user_88c16950-f18a-4407-934b-83fdcd242e17,vol_churn
72653,user_88e96374-b3f0-4ea4-8dc1-437af663274d,vol_churn
36514,user_88f8c40f-afd2-407d-9ae8-e17356767e23,invol_churn
81197,user_88fca362-5ffd-4a89-87e1-05440f22d262,not_churned
73365,user_890385a7-e3fd-4796-8a41-f9631d8d9808,vol_churn
22914,user_89217f69-db1c-4140-8fa0-7291db70a6e4,not_churned
44776,user_8923b079-c2b6-4be9-aa5a-9c1b97aafbbc,not_churned
82236,user_893158b6-41fd-4b8e-b054-eec2eb26495f,not_churned
20613,user_8935cbab-b2ac-483a-b645-43e9c7150735,invol_churn
59197,user_8a207a71-8025-4d1a-9ccd-02560a62d87f,invol_churn
35418,user_8abda4fe-02b5-4fc9-8339-354c9d49330a,invol_churn
83617,user_8ac18676-41fe-4bfa-b6b8-61fbad3c24ac,not_churned
6752,user_8ad44dc0-eafb-4301-bb17-18415781f1f6,not_churned
31405,user_8b0b073c-e2c7-4d04-a5ea-cc66796b445c,not_churned
31037,user_8b218a29-2c5d-4439-a4b4-029d6b3cd5ae,not_churned
31459,user_8b34a88d-3508-4bde-af3b-f34cb5559830,not_churned
31001,user_8b3e24c6-b55e-4ffe-b4a1-08aeda7222ce,not_churned
67360,user_8b87d3ee-c987-40e7-88af-5783002583bd,not_churned
30788,user_8b8b2f90-1667-42cc-999c-aef63852b9e9,not_churned
18099,user_8bd0c9af-3d57-4653-a2f2-c64a386ec465,invol_churn
69252,user_8c057ea8-71d7-48e9-af89-96cf96e4cb1b,not_churned
50600,user_8c30d669-1558-4c2d-94d7-f637a08482a0,vol_churn
80790,user_8c3dca45-1708-4184-8ee1-5232e0334dc3,not_churned
79934,user_8c4789f7-0839-4f87-943d-a180ff0ec573,not_churned
60593,user_8c5b2399-cdcf-42c4-a9a1-24fe9890ee2d,invol_churn
30745,user_8c627ce7-1314-478f-a834-78dab819f8b6,not_churned
35866,user_8c65c1ad-2714-4c03-b0df-7bfb776894e2,invol_churn
53309,user_8c77ff38-621f-4594-b22e-7bbe1d8d1501,vol_churn
83161,user_8c9b5b43-9d78-423e-8bdc-454808715f4c,not_churned
84068,user_8d456e26-33f6-4935-ba4b-2fa81e9461c6,not_churned
88719,user_8d4df160-1930-4456-aa21-54e8ae2fb881,not_churned
81667,user_8dbfe457-bc11-4d44-8048-4e0ea86a4f45,not_churned
50118,user_8e526b4b-a1bc-49ee-a9fd-c40e58768822,vol_churn
10700,user_8e68c359-8657-44a3-9f39-e572409eb266,not_churned
2719,user_8e7362e9-a43b-424b-bfc6-b5a4e5fe63f4,not_churned
62513,user_8eb2cbbf-c9e9-4c3d-a001-39aa747a5591,not_churned
43815,user_8ed2b563-453c-40e5-b125-e27b3552214b,not_churned
69172,user_8f2d6298-c9e7-4762-9e1c-c6d03971f2ad,not_churned
69862,user_8f4a33f3-21a1-4125-b4a8-11ea9927a454,not_churned
41857,user_8f92e8de-5bfd-4b00-80a3-b31fef916ad4,not_churned
54088,user_8fa40b3f-3a38-47f3-bf52-ef002024c194,vol_churn
221,user_8fe542cc-221d-4f0a-ad0a-f9b34b1c8172,invol_churn
87571,user_8fea0ef7-6825-4c64-9636-a1b12fd3e5e5,not_churned
65412,user_900a4a15-2677-46fb-9337-699fe6af3fd4,not_churned
31054,user_9060d28e-39e0-413d-9f8f-e2a99775b42c,not_churned
73881,user_90634f17-ca21-4d9a-accb-4859208d6bbd,vol_churn
22700,user_9091ec81-0d64-4749-a931-0b454bb5c48b,not_churned
41958,user_90967c37-68f4-4c7c-80b5-bbafa8c58ab2,not_churned
70254,user_90c88079-9f98-458d-afe6-bb7bd779d53f,vol_churn
82134,user_90d85090-9ae5-48a5-880a-8a232a5deb00,not_churned
89479,user_90f3229e-c99a-4a35-910f-86d53de72acd,not_churned
58160,user_9127de33-8737-49b7-935f-bba5dfae7304,invol_churn
54004,user_915ee29f-d9df-4d2b-bd77-65e30e39a4aa,vol_churn
54967,user_916a5ce3-ad4b-45e4-a562-c164d853efe2,vol_churn
63988,user_9194a205-3423-4f96-932a-cba893d8ec66,not_churned
46516,user_91e3579f-f8b2-42c1-983d-9962810679a3,not_churned
14261,user_91ed5dc3-8b33-4a09-a08a-6912afe2fe9b,invol_churn
74344,user_91f1dbfe-37d7-4d03-88fc-3cd8661f418a,not_churned
73442,user_91f67fa6-e418-4c14-9334-5cbcb41fc23c,vol_churn
76107,user_920f227f-3888-46fe-8f16-2cb348fcbe40,not_churned
6953,user_9222ed4d-654a-4298-94b6-e078c271015a,not_churned
88322,user_92bdee76-4f13-4ba5-b1d9-3dedade918b9,not_churned
72323,user_92be1365-e8d2-4a4f-bfc7-bf9651bab8da,vol_churn
65519,user_932eeb93-cb6d-49e0-9225-3cc600117398,not_churned
79704,user_933dba5a-61a7-4bc3-8d55-f7874cc7af3b,not_churned
33356,user_936b754c-4fb7-4567-b28b-6210a9542b71,vol_churn
3771,user_93ba287c-3d3c-4ea4-9fbc-68574b081140,not_churned
59746,user_93df74bd-85da-48c2-a8d2-c8e939e41bc1,invol_churn
64993,user_93e83d2c-77bd-40ba-a820-3036629167fe,not_churned
23963,user_93f02bac-0f39-42d9-a402-b3a5528a4ac7,not_churned
11802,user_94587f94-e810-4ff6-90d0-05bbb091a722,vol_churn
59751,user_945b8dd7-e36d-4042-82d1-add624cf1099,invol_churn
23126,user_94770163-af7e-4607-bbeb-3760f3088bc6,not_churned
49200,user_94b411ea-c816-4d58-ba6a-bb9c6300f525,vol_churn
15361,user_94f53563-f98d-49eb-bc2b-1c52c0e4bba6,vol_churn
72361,user_9544ceb1-97c8-4dbb-86bc-935d9af672d4,vol_churn
12418,user_9591517a-9cbf-4193-92fa-c3d0a7163642,vol_churn
85441,user_95d61cf1-581c-450e-ba47-d21cce220515,not_churned
64858,user_96180f21-2425-4f6a-bbd6-523e7f5f06f5,not_churned
49725,user_962574d3-b5d2-4fd2-9a7b-eda4acd16fae,vol_churn
53313,user_963af281-3a40-41de-81cf-cbc70673e28d,vol_churn
36702,user_963b005b-15fb-4e76-a7c2-b2a12c755160,invol_churn
22725,user_964a7564-6017-4aa0-ba9a-121ded97f5af,not_churned
48122,user_966b0f7e-bb9f-4cf8-9ef1-00bb80765310,vol_churn
23824,user_96bae588-216e-4f3c-b369-e10b8537f15e,not_churned
83511,user_9748a025-8dfe-44c0-b957-75b034c99509,not_churned
88443,user_974fba82-6012-4147-8997-f0ad0c90c8fb,not_churned
26218,user_976cc215-f534-43c7-9e03-335590e4e41f,invol_churn
32972,user_97f57069-b0f7-4bfd-9772-a03667ecd7a2,not_churned
65393,user_97f94882-de40-4133-bb9e-b953dbae4b84,not_churned
15699,user_980513ff-637b-4ace-834c-01a532f6e5be,vol_churn
23281,user_982c18a3-9c57-4898-81c3-8a4bd33045e9,not_churned
43303,user_984e23b9-7820-4440-bee7-5496ac6bddad,invol_churn
9696,user_98681040-1840-4e18-8d06-0035be625c96,not_churned
19027,user_987db186-48d7-4630-856c-92f96c99afff,invol_churn
84764,user_988f77f7-8e21-4691-a764-e556454a3e04,not_churned
89072,user_98925a84-ef17-4238-8f17-d33226431f7f,not_churned
64225,user_98978e16-2cb3-4181-99b6-74b73734e153,not_churned
2200,user_98b8804c-4538-499a-a829-fb6d299874b5,not_churned
70539,user_98d3b970-7115-466a-9cc2-66ff128f3f01,vol_churn
16511,user_98fda3ac-f4b0-49ba-beca-6af99dffd47c,invol_churn
80410,user_9924324d-0666-4621-b06b-51dadb640315,not_churned
13127,user_993a720a-335f-4384-87dd-6648cd26e675,invol_churn
75297,user_994df73c-a806-4a72-8f70-b579179ec0c6,not_churned
86912,user_9a0fd68a-6070-4b22-b4d5-1b1af0948434,not_churned
48892,user_9a2384b4-abe9-45fc-804e-2b6d9c5f41e2,vol_churn
3152,user_9a3db27c-88d1-4c23-9b5d-c116d3d078c3,not_churned
62958,user_9a86afa0-1f39-4694-83f6-9aaec1a58c80,not_churned
40588,user_9a98732c-6a24-4988-a09f-cc778c4120f9,vol_churn
80422,user_9aa9c710-6de7-4998-8807-3b2d97780750,not_churned
10935,user_9ab26522-d6bc-4992-bdd5-709843755e29,not_churned
19448,user_9b16d364-97ce-4650-8144-b5f8fc34a0e3,invol_churn
66331,user_9b407b03-7da7-4f59-915c-b284837925c5,not_churned
72449,user_9b90a6e9-09ae-4794-b1e0-50ad0e77e448,vol_churn
19593,user_9c0a6518-ad8d-41bd-85db-cb7d1ba172b3,invol_churn
57131,user_9c0dc1a8-458c-411c-98a7-9f200238ecdd,invol_churn
79067,user_9c0dc5b6-2a22-4649-a77e-7a3bbb6e4a79,not_churned
30274,user_9c1bf43c-61bc-4e82-bf5a-15e3e2a603ff,not_churned
86137,user_9c831b7e-a43e-40b8-b312-17a51178c2f1,not_churned
45405,user_9ceed9e9-f8d3-41bc-96fe-d06d8ee350eb,not_churned
62035,user_9d448c08-2f2a-4f49-a861-d015878a98a0,not_churned
88457,user_9d57b9a1-276d-4039-b64f-2133994cefe0,not_churned
3483,user_9d7634e4-ab98-4576-ab24-85bea653fd7b,not_churned
72509,user_9db70f0c-af2c-4825-9141-1b2d3f0c6432,vol_churn
42739,user_9dc5e23a-39f4-40b9-9ed2-cf9f0463723f,invol_churn
71042,user_9de1050e-4c3a-4b10-93d0-012264151c53,vol_churn
88272,user_9def592b-1bff-4fc3-9918-ee38406a330c,not_churned
52573,user_9e04abd5-9d60-4f29-b626-a823f0cfe1af,vol_churn
25769,user_9e58de77-9278-4405-85fa-1cafb0211a68,invol_churn
10485,user_9e862667-ae61-42db-b342-754140058a90,not_churned
7494,user_9e8d019d-0ae3-485f-8c02-558886afa046,not_churned
30704,user_9e929b06-fb28-4024-a708-a61c690ab08b,not_churned
57897,user_9e9394f6-56cb-4acc-901d-3b4f62bdfd93,invol_churn
44602,user_9e9506eb-fc33-49d7-b43f-a1886b14eea0,not_churned
63923,user_9eb20953-6e0e-4f5f-bb7b-b079f845e409,not_churned
48900,user_9edad7cd-2508-4635-8134-fa06b2690f63,vol_churn
1468,user_9ee5e108-87dc-417f-ba6d-db7b69a3158a,vol_churn
76098,user_9f0d0097-d389-4767-986f-5247bbc56e7c,not_churned
40941,user_9f14770f-a9f2-4490-b319-9f0c27ead09a,vol_churn
33905,user_9f323681-459b-43c9-aae8-62a1134e4e77,invol_churn
59651,user_9f423b95-192a-4c6c-a2bc-788501d795f6,invol_churn
30121,user_9f4d624b-11b1-46e1-a39c-ed36f10a0ce6,not_churned
51869,user_9f4e99a8-0e78-464e-8769-36770f2bcfcb,vol_churn
45095,user_9f822e40-8eef-485e-9826-afbc62329410,not_churned
28450,user_9fa1d4f7-8db2-4af5-a0ff-739f36c837dc,not_churned
59453,user_9fd578d0-f35b-45fe-bd46-6ffcf6bf5bd0,invol_churn
64894,user_a00292f7-4f58-4ae4-a667-7d31ce9acf76,not_churned
35024,user_a06b419e-1186-4e17-a18c-5bdd42aabcc1,invol_churn
58021,user_a08916bc-6102-4f98-bcd6-eb4fe5040cff,invol_churn
88605,user_a0b11aa6-b055-4d99-b48a-1e527b4d47f0,not_churned
79234,user_a150b008-05aa-4844-9394-b180b9194b76,not_churned
68356,user_a1626e6e-08c4-417f-89aa-dffc30f0a443,not_churned
8420,user_a16d4dc1-45a4-4209-87a6-0f80133260b9,vol_churn
46581,user_a19b241e-7ac1-4911-8c7a-6a7061e89892,not_churned
10360,user_a1a6b370-e947-40d2-b903-0c43a6c5d7ad,not_churned
64297,user_a1afc950-ad7a-410b-992d-216a1357dac0,not_churned
78515,user_a1c0bbe8-2b21-4847-8f46-6219ce77e703,not_churned
83570,user_a1fd1e3a-4d9b-43e3-b9d7-0726c2fbfe7e,not_churned
11227,user_a21f9fb9-11f0-4fd8-be6c-f36b5bd85a5c,not_churned
60438,user_a2379700-0d26-4e13-80cb-93d0ac4857a7,invol_churn
62548,user_a254f8d1-a33e-41e2-b80b-c894cf03bd3a,not_churned
45182,user_a26fdd2d-6e0c-4607-9a45-2f6a3a9f4aaa,not_churned
74873,user_a2b43739-c9f9-4235-be9d-efd7d81d9405,not_churned
51392,user_a2b7fabf-e52b-4822-8217-cbc245a84dc0,vol_churn
35793,user_a2e6c01f-c44f-4aa2-b275-c9e7690f38f2,invol_churn
28805,user_a2f32aea-0762-4cfa-a7d4-34a62ddf1566,vol_churn
14712,user_a2f5a613-7b85-41e5-b03d-12a1ba3598d8,vol_churn
39853,user_a3610ed1-ea35-489d-9353-4c4f2dbbd404,vol_churn
4705,user_a361720a-aeb5-4bd6-b8a2-4980dc9d56f8,not_churned
54190,user_a384defb-6bb2-44f9-866f-53c3b8dcd7ed,vol_churn
38368,user_a3a25656-769e-40a7-bd85-d7a86049b9e2,vol_churn
72901,user_a3c21a3c-69f3-4d6d-99c0-2578c2598c72,vol_churn
82850,user_a3d3dd9d-fae1-46f8-96cc-5e2529b760cb,not_churned
33334,user_a3ffba6e-405c-44d2-a8e6-fa94efe9bf83,vol_churn
15209,user_a400b828-54c5-4988-b1e6-a8edf877e6f8,vol_churn
65953,user_a46da96c-50f4-4eaa-b414-771ad1faee4d,not_churned
36932,user_a48de0aa-0418-4986-a874-385d2f781607,invol_churn
61110,user_a4b241ad-d72a-4be8-a3f6-46db2455c588,invol_churn
68849,user_a4d47a71-88ce-4d40-b301-f002e4550e86,not_churned
24444,user_a504ca46-cefc-47a3-90e7-25697995e4a6,invol_churn
89191,user_a513fedf-e1e3-4712-a14c-cc45b9d0d7a1,not_churned
57059,user_a5593b1a-5612-4997-8d12-a76e1b360ae4,invol_churn
58217,user_a579e2fc-75ab-48ec-96c7-1a198feeb988,invol_churn
12007,user_a5838680-840f-4beb-ae64-4d42d10fa970,vol_churn
11898,user_a586451c-274f-4651-b9cf-a99b2c1397a7,vol_churn
78608,user_a59abcd5-46c4-4898-aae2-de892fa1f434,not_churned
52428,user_a5a866b4-1116-4086-b65e-84cfa80a7836,vol_churn
39045,user_a5bb5a2a-d6eb-40cd-b6af-92bc72afea74,vol_churn
89244,user_a5cdb1cb-98e6-4f40-ab90-587a1c3d2809,not_churned
61077,user_a5cf86c7-bb62-4d2d-8897-50282990b0f7,invol_churn
5399,user_a5d19c9a-da03-4b37-9ff1-c66cbbd9b2e9,not_churned
65155,user_a5eb2e27-57ff-414d-90b3-e0ad36980c44,not_churned
47111,user_a6199f2a-83da-4c18-889e-d50e46979c3c,not_churned
52694,user_a6425f0e-49fd-4714-90af-1c8f5dae80ac,vol_churn
55979,user_a6512edd-7bd1-429c-ad37-968c77a0ab63,invol_churn
20920,user_a67f3018-5d85-4658-b306-c7c3713450c3,invol_churn
10577,user_a6dda243-8ba8-436c-8e32-f3504dc9b94b,not_churned
26740,user_a6f11b6d-9355-4629-8f6c-fb124709b456,not_churned
34867,user_a708f0db-df3b-4061-824e-8b020251cf60,invol_churn
9383,user_a70fe5e6-5510-4747-91c3-0bbf4dbec0ba,invol_churn
61365,user_a7295819-724a-4fdc-aadc-f12e7e968042,invol_churn
7218,user_a751d77b-78e8-4252-9cf1-60460b0ae129,not_churned
43219,user_a757b208-758b-481c-89c2-032064bde5fc,invol_churn
83462,user_a796894e-73a0-44fc-a94d-811f9b2645f6,not_churned
62647,user_a7991716-d6c0-4154-b4f7-66cf55ca369b,not_churned
87539,user_a7a04a24-346c-4847-9743-b64bf6c6c5ed,not_churned
21345,user_a7a13c3b-f016-46d2-a063-0f07bc570db4,invol_churn
6475,user_a80e9d87-331b-4503-a667-a4a627d955a4,not_churned
75210,user_a810e32a-2d09-46f9-b8ed-210fbaf40c23,not_churned
52956,user_a852b535-2a59-4e41-b184-a5eb850da8f6,vol_churn
69292,user_a85bf4fb-d009-4d0b-a4f1-1f24e4650b86,not_churned
79672,user_a87030e6-ec67-45da-9585-4154c22f7a48,not_churned
83211,user_a8895b7d-4e96-4ab9-b4e8-25d36965f4c6,not_churned
77321,user_a8adf202-29cf-44db-b7e4-e06287ea6b36,not_churned
18533,user_a8aedebe-07c0-4ae4-a1ac-4c32705b37d5,invol_churn
29557,user_a8b1863e-405d-471e-a508-de0ca4a44d47,not_churned
7051,user_a8f27fb1-7e6c-4675-98ee-c91745270dc9,not_churned
40505,user_a9191615-bdef-4f20-8a40-709475cf8e37,vol_churn
24593,user_a922d339-507c-4b2c-a2f4-bdad3b43646a,invol_churn
15411,user_a9443b9f-3599-4bde-aa75-28daf3771672,vol_churn
18019,user_a9531eba-4363-4f3f-bca6-d6d6dd107764,invol_churn
80360,user_a9cc2977-4ffa-4cb0-9811-24de7bfef1fd,not_churned
54720,user_a9fb2a66-cd9b-41e5-abd1-4fa9e3dedc42,vol_churn
78393,user_aa0e0a95-fbb8-46b3-882e-dadbccd3ed31,not_churned
51132,user_aa144d5e-5dfb-43f9-b3cd-6cd94a298e86,vol_churn
27672,user_aa383d16-0472-469b-8315-b6605a3edc48,not_churned
33614,user_aa3f1730-5227-45cb-9616-0ab90c22ea88,invol_churn
45433,user_aa4b02f7-968f-4bd3-bf36-091b1792107d,not_churned
79974,user_aa4fc2f1-cc54-48d6-b41a-b40eeb9746be,not_churned
76945,user_aa8c10d5-a01f-4bc1-96e5-3d69be52886d,not_churned
48884,user_aa96f59c-987b-4332-997c-ac415effe651,vol_churn
38020,user_aaaa3d5b-8843-4a2a-bf08-ee5132592ac0,vol_churn
78254,user_aaf0d533-b7fc-4e10-93ac-de704aa8ded6,not_churned
28879,user_aaf41815-75fc-4158-afc2-ba8bab88ea25,vol_churn
46051,user_aaffbe08-2fee-4a66-8456-6a33046d26c7,not_churned
82242,user_ab8c0afd-a90c-4987-9cee-44d6c6790c3f,not_churned
75366,user_abdd81b7-f5cb-4be9-b2cc-bbc38794d9ec,not_churned
21233,user_abddb7ee-82bf-4adc-8c9a-f3c84ef1bb6f,invol_churn
59557,user_abddbeb8-2005-48ec-84bb-f0d2844061b5,invol_churn
33384,user_abf5b55e-da85-4135-89e6-96a27e6e012a,vol_churn
65891,user_ac1073ea-fc9c-46ae-9d81-9d5b018bec54,not_churned
2125,user_ac1dd669-fbe5-4bb1-a3e4-cd855da4001d,not_churned
44605,user_ac338ae3-b8ea-4387-9990-95ca2d70f183,not_churned
53339,user_ac4cefd7-c624-43b0-8d8d-0d16b9d1ce28,vol_churn
29867,user_ac612d77-065d-4ee9-9ddc-eecfdaa782a2,not_churned
50422,user_acbcce7e-842f-4ff6-9379-c39289411756,vol_churn
61573,user_acf9204b-eb18-4d56-a11e-405e3d544415,invol_churn
71172,user_ad08bf07-dda5-4cbd-b007-cc45e5181690,vol_churn
10395,user_ad305f8d-1048-413e-b0d6-4e8c3f5f35d8,not_churned
66661,user_ad3aae7b-0a33-4495-bc32-4c7aa240f3ca,not_churned
42710,user_ad56b918-02f1-48a8-9abb-ec87041172da,invol_churn
50267,user_ad6114b4-87fb-4af2-8353-3fdde7a114fd,vol_churn
68001,user_ad66bdf5-229e-4cfd-9023-e0466b685493,not_churned
28152,user_ad69d1ab-83db-45a7-8f6e-9d2a3aea4943,not_churned
25608,user_ad78faa9-0bb6-4996-9fa4-be63e618a9eb,invol_churn
16964,user_ad800cd4-6a17-48c0-bcfe-48265c0bcb28,invol_churn
41023,user_ad9d4baf-44bd-42e4-9661-3e401d00fafc,vol_churn
81501,user_adab4ca9-6210-43dc-8160-403d6044b53a,not_churned
31452,user_add00f94-552b-4112-b069-fa4b38e6d7cb,not_churned
65571,user_ae118031-b50b-455b-a117-2d04601824a2,not_churned
3083,user_ae2aa85d-5da5-43f1-824e-aa08cb033cd3,not_churned
54722,user_ae3aa9ec-bc78-4a93-b7c0-0a5b8e7cbe48,vol_churn
77446,user_ae3d7eab-d524-4f87-b5b9-11b72a60d93c,not_churned
48449,user_ae923efe-d508-4d17-8544-c162fb04ff0d,vol_churn
64529,user_aed374a6-def6-40ed-ac2b-520df6bf976b,not_churned
14426,user_af1b2091-f609-4f8f-b9a9-f9833e2ec0d7,invol_churn
86344,user_af3d4df1-615c-4b1a-b3db-aba76fdff8fb,not_churned
30565,user_af781b78-993d-43d7-b994-17a455c421d4,not_churned
47354,user_af7e5139-cf17-4421-aca7-e0b74a887136,not_churned
61398,user_af80e6a1-4c61-401e-8804-4efac0a9aae6,invol_churn
42804,user_af813cc4-167a-40c4-9321-dd713d205673,invol_churn
63088,user_af8c8136-122c-4481-98cd-019c83b063bd,not_churned
61162,user_af96ee59-1071-49ae-8633-9fbeaed4c123,invol_churn
64672,user_afe6ca59-9f78-4cb2-ad40-deb85dbcdada,not_churned
55751,user_b01ae4f3-d9be-4090-a660-121c89bf3b97,invol_churn
24632,user_b0ead1a9-dad7-498c-b784-cb6fc1c32baf,invol_churn
50119,user_b14a3e8d-e784-4198-af44-b641e195437d,vol_churn
32391,user_b159aea5-101f-4853-af83-04830b36c0b8,not_churned
87325,user_b16fca27-f25a-4f33-b67b-51dfd4c6c89f,not_churned
21364,user_b1872daa-64b1-4832-ba70-8c5547f3ddd4,invol_churn
27915,user_b18c71c0-e982-4431-adc2-3583cccc49f8,not_churned
84890,user_b192aba1-171e-492d-bb7d-934bf6e542dc,not_churned
32824,user_b1da008c-6fd1-432a-92de-f5b25e23be8d,not_churned
75916,user_b22932a4-3cca-4788-8598-bcafa36fc9f0,not_churned
26441,user_b240219f-1f29-4428-b3a8-f2195b43252f,invol_churn
8970,user_b263d144-8db4-4937-97fc-0f5d96952d67,invol_churn
38495,user_b2805d65-90cb-42cc-adf8-a60c5c4c8bad,vol_churn
43858,user_b2824460-74ab-4416-a55b-699fa1aaace6,not_churned
45460,user_b28ef7b4-3c88-4cb4-8dd5-5b6b6a0ec942,not_churned
24266,user_b290dcd2-b0f8-41ae-97aa-7fad699797dc,invol_churn
47558,user_b29e0c51-55c0-493c-82cb-aa2855a15f08,vol_churn
8494,user_b2b88163-016e-4673-8bf9-9fde4ea99556,vol_churn
40555,user_b2dc7d09-7762-49f0-80b4-d62bd78ab39b,vol_churn
79049,user_b3322a52-8b59-40b4-ab93-cb53ffe0712a,not_churned
18416,user_b381cb98-0581-4af6-9bbb-5e337cb891d8,invol_churn
14560,user_b3e1427f-e892-40e3-9ac5-45c7326870f5,vol_churn
30329,user_b3f7a586-c3ea-4cdc-9f99-b402f96c2cf9,not_churned
79402,user_b41672b9-20fa-412b-84a1-026495a0ee99,not_churned
11171,user_b41975e7-f0df-4dfc-828b-11016c77585f,not_churned
7921,user_b4282ea6-8931-4c8b-9813-989784cbf427,vol_churn
40866,user_b44f88b9-0be8-4801-a4ef-ed4325e834ea,vol_churn
77104,user_b4aafbc7-8cfb-4da0-900b-15eb716edd2c,not_churned
81750,user_b4bbc2c0-3f7f-4130-839f-9a64f5f606da,not_churned
12130,user_b4bf7dd8-143c-4122-b957-cbda84fa7a5c,vol_churn
23133,user_b4d0a28f-3441-4faf-a7f3-797f47393e53,not_churned
86672,user_b4e9339d-a63e-4951-81e7-0b1b6b4c2d51,not_churned
70055,user_b4f4c0c6-7afa-4003-9943-745f3d3cca70,vol_churn
84235,user_b5577fa5-a585-4711-8ed6-0442a1cf5a5f,not_churned
47069,user_b590e090-32f4-4a76-a5c8-f8aeaf2e14cd,not_churned
22317,user_b5ac4cbb-0c7c-4d48-b041-fb4abdb2c764,not_churned
86602,user_b6bee573-9463-468e-8693-a78a23f516a1,not_churned
15060,user_b6f51966-95cb-47ac-b95e-fd3a519da67d,vol_churn
65951,user_b6fdfa4a-d35f-400b-b609-9877102e608b,not_churned
44353,user_b70dcd81-97ec-4ce1-88d9-006a2a19a6a4,not_churned
8271,user_b7196c8a-272b-4120-be6d-8e0b1d802ec4,vol_churn
17903,user_b721a53e-32d4-4542-8e90-89d90cbfc8b0,invol_churn
28453,user_b731c3b2-af86-4f40-8a16-1123c93256e3,not_churned
3799,user_b73522bf-37b5-42a9-9eea-e2d6b18972a1,not_churned
79085,user_b81f3a7c-74d4-4b94-b0ab-5874f098c46e,not_churned
47890,user_b81f63ed-1ab2-4ad2-aa99-d9ecbe8b9cdc,vol_churn
17707,user_b877de52-6826-473a-a20f-5b6afe254756,invol_churn
13004,user_b87c532f-b9b9-46df-9ee9-ee5ae17f36c0,invol_churn
34047,user_b883ba32-a767-43a0-b745-9fd853b2f134,invol_churn
60773,user_b8d21fc9-b559-473e-a51d-7f35e2ec18e6,invol_churn
32524,user_b8d84dc4-a79e-4413-8a29-9e8ea937b88c,not_churned
44638,user_b9049a79-4ddf-4033-8ad5-e821c14c0b9f,not_churned
25682,user_b939eb98-e531-4a42-aabb-ade9e13fd146,invol_churn
70575,user_b9746b47-7d15-4733-9f7c-af46fa517e5f,vol_churn
77714,user_b9bac286-5176-4310-aabf-812047b00010,not_churned
26269,user_b9dd3800-06f2-4a3b-ad29-248fd9139e04,invol_churn
42072,user_b9e422a3-9300-4f87-8ac6-3c5b619cff2a,not_churned
27317,user_b9eab7cf-bb0c-44e0-890a-c45cf9e48ea8,not_churned
26081,user_b9f07c37-223e-4ae8-b461-7c90bca8da57,invol_churn
62577,user_b9f6f782-0cc1-45ff-b97e-360960ba724b,not_churned
23384,user_ba7d923a-9487-438a-b820-033565feba6d,not_churned
56039,user_ba821808-b600-4cd7-a61e-1a49c07ec94c,invol_churn
3445,user_bacadd66-0aee-4604-be20-ad06809125f1,not_churned
69188,user_baded840-15e9-4522-882c-83c3ee3d14cc,not_churned
34494,user_baed7a1c-7cf2-40c9-8722-f40f2101a9c3,invol_churn
86953,user_baf6926a-e82a-48b1-9dd8-aa034a6ecefe,not_churned
56322,user_bb52ffb3-d278-43e3-b5ec-230486cb63a6,invol_churn
32894,user_bb699e88-4166-43e9-84ca-5ecf5b44a624,not_churned
52504,user_bb6be364-5c65-44ca-b1dd-e4461f75a01e,vol_churn
39569,user_bb7d319f-0a82-4295-9fbf-8d6733758a75,vol_churn
49399,user_bb865ab3-a5d4-44d4-8f31-ca8f21d99cdd,vol_churn
27237,user_bb8a4392-500e-4ae3-9b74-d09fa460fddb,not_churned
68326,user_bb9fbded-7133-468d-9597-8587efff6a71,not_churned
20020,user_bbd75fa1-8986-4bdb-8ca0-3c884556ab00,invol_churn
5455,user_bbe75fb1-e3cc-4950-a00a-6f150f730c94,not_churned
11106,user_bc4771b8-74f1-4b2c-a035-0e4bcb270688,not_churned
87783,user_bc4ab6a5-d6cf-415c-a084-c266d3033c3c,not_churned
52185,user_bc50f7e2-9622-4812-b9a9-244d13a2aa31,vol_churn
73383,user_bc52d734-2e49-4d7d-801f-5d112c0a13f4,vol_churn
78230,user_bc6c753f-a3b5-4f53-ad5b-53e4ef61573c,not_churned
57876,user_bc704f70-c440-4969-9afb-a38fb6441fcd,invol_churn
9297,user_bc9a93a2-c08d-4eb2-be9d-f2aa0050546f,invol_churn
76372,user_bca6a415-acdb-4f5f-9087-0ae729e43a4c,not_churned
42795,user_bcc6b2e9-773e-40ce-a655-28fe1c8811ef,invol_churn
247,user_bcd566b2-d944-4478-9617-6a839bf6d0b1,invol_churn
67880,user_bce1b489-475b-4d4e-b6e4-f5937f62bcf7,not_churned
42149,user_bd280928-9be8-4b47-ba82-737426b5d60b,not_churned
59730,user_bd89ddca-efa4-4235-985e-5e9f096b36e9,invol_churn
38180,user_bdda5eea-3bad-4b6d-bc51-c5623080084f,vol_churn
75836,user_be1d43e4-b5a5-4141-bfff-4a82709dc2b3,not_churned
57189,user_be578e6b-91a7-4d98-95fc-08e85beb475e,invol_churn
3689,user_bec17005-9e4b-4ead-aef1-e046eb6a0f67,not_churned
19899,user_bec42b08-c8f7-42af-a21d-063a18d8e978,invol_churn
87950,user_bf0f5f83-8e07-4a07-92d1-107e8f52b3da,not_churned
23213,user_bf5a32fa-b972-416c-8df6-3e3d8fee6fe1,not_churned
19735,user_bfab0eb5-e75f-436e-a176-19a37e5f27cf,invol_churn
30152,user_bfac7ce2-0003-44c9-b0ea-ceb0dcce573c,not_churned
24104,user_bfe551c6-f121-4716-9293-ab66fb890392,invol_churn
82103,user_bfff2afb-4518-44af-9fcf-647617fac594,not_churned
71629,user_c001cf1a-cd76-4045-b980-e4f688108879,vol_churn
64279,user_c0153f08-3776-4c78-a825-bf62aee1c9e0,not_churned
58117,user_c04a59ac-ca21-4153-91cc-e61f4b52c794,invol_churn
61904,user_c04ac46c-1076-4260-820e-ea8f1439a969,invol_churn
40883,user_c0548fa2-a0be-4772-86ea-ea56fcf4ba8a,vol_churn
18853,user_c0abc8d6-34c4-4f0a-81ce-0b70f0e1ad94,invol_churn
73637,user_c0fc4e24-873e-4eef-86ab-76a86e14fedb,vol_churn
30411,user_c11b98b2-7b7e-452e-8e58-57671b42a813,not_churned
72052,user_c150d860-4228-43a3-8da5-071dbcb56f1c,vol_churn
20682,user_c18baa16-e74c-4a6b-9c69-5bd5365c8bfa,invol_churn
19847,user_c19a4f4b-fcf8-4374-a20d-3d6e6f01df72,invol_churn
43137,user_c22a89c9-132c-44d4-a4be-df96710f15dc,invol_churn
60338,user_c278ccf8-947b-402b-8679-ad3006132dcc,invol_churn
67835,user_c282b3b6-0419-4c92-8dc0-1bc8392ba6dc,not_churned
83481,user_c287b4b9-f014-4032-8985-6d0f4e0588be,not_churned
7206,user_c28ed5a5-f0c2-4bdc-a398-ea3c9f31641d,not_churned
20315,user_c2935bc0-7f56-4721-880a-8f2e16918d3b,invol_churn
71212,user_c2c31a73-b48b-44c8-bb3f-1fafdfa4fc1a,vol_churn
45746,user_c2d6a0f7-8e94-4e6d-8517-4aeac06ec718,not_churned
1072,user_c3dcc2c4-b265-43cc-87a2-4eaf62541020,vol_churn
36463,user_c3efa88b-c7e9-4c31-bf20-01a5596eb6ff,invol_churn
73354,user_c43b015b-58e4-453b-97cb-904d571d8bd7,vol_churn
62807,user_c4844e23-6919-4fe4-8c6a-0fb03b24f456,not_churned
44842,user_c545872c-8389-4b74-8b26-811888492d28,not_churned
81905,user_c560b067-066d-4763-a9cf-882b562f3214,not_churned
58227,user_c609c292-8078-4ff6-942c-add7c3a9b691,invol_churn
47073,user_c65de791-c5cc-4e34-b6c8-415c85539e77,not_churned
73599,user_c66ac5a4-d930-40be-9c5b-66ec4ff77f05,vol_churn
85033,user_c66e3b94-8e2f-4230-83fe-b212a10b14ac,not_churned
16426,user_c68ad562-c853-412e-9f99-c015d7314491,vol_churn
10781,user_c6cb8e6a-5f49-4aed-9f19-c6da9b30f66b,not_churned
65901,user_c6f89afa-f3dc-48d6-9fac-29c15481b99c,not_churned
44476,user_c71b4aa1-4c10-496d-a889-0e7271f3daff,not_churned
85305,user_c724ed80-bdd7-48fe-b76d-c182b23b87c2,not_churned
5211,user_c73120bf-d5d8-4833-9fcf-b24bbfff8572,not_churned
38703,user_c7367121-cb9f-4fdd-81b0-40349edd53ad,vol_churn
78186,user_c750fd64-9b4c-4fa3-a896-361834a4df3d,not_churned
43151,user_c76621af-dd29-4ed8-95bc-34503f7f047f,invol_churn
37043,user_c7752e8e-b243-4300-84e6-34194bd60bfe,invol_churn
36184,user_c7a2d4a1-9a18-4b31-ac54-22e3b072aabe,invol_churn
71715,user_c7e00287-51e0-4ac3-9138-4647e68872c5,vol_churn
1900,user_c7f798a8-bccc-4289-b4ce-61ca150fb5d5,not_churned
56811,user_c86b59f8-40d5-4b70-beb0-982b3115bde2,invol_churn
83425,user_c8768e1d-e64e-4ed4-8634-c5232d1a76e0,not_churned
49713,user_c87ec512-ade3-4710-9cbf-f44903a4b8aa,vol_churn
6315,user_c8a2e0c4-65a0-4b83-ab66-98e7326f86d6,not_churned
45415,user_c8b75dc3-a908-4818-8b5d-0ba05404698d,not_churned
28997,user_c8fe5a50-e1c7-4cd3-9eb4-00d7c63e8eed,vol_churn
21927,user_c960f17d-26c5-4f9b-832d-cde0d029a68b,vol_churn
49352,user_c967c8d2-df14-45cd-9b57-e10638a3181f,vol_churn
51985,user_c9c298b6-aa6b-4840-8bed-adaa6ade6716,vol_churn
89696,user_c9cb7551-911d-4c7a-8d8a-805c4f0298db,not_churned
24263,user_c9dd3767-f338-461c-bb23-18c3df5cf40c,invol_churn
2746,user_c9fa6eea-5b79-4052-b8ef-aa61cc866251,not_churned
74877,user_ca808259-a7cd-49df-a48b-3a4c3a944bba,not_churned
32842,user_ca818f1f-4164-4462-93b0-b347b3f0c0aa,not_churned
88151,user_cab9bf4e-6c1e-499c-a0c4-575a892c1c4e,not_churned
25388,user_caec5aac-d4ad-4b7f-b305-8ac20aa48c18,invol_churn
1453,user_cb495159-875f-4d47-9703-0d063bb538e6,vol_churn
45215,user_cb75b670-6d7c-4f27-b1d2-5166fe3c8dee,not_churned
73701,user_cb9594f4-0f34-4547-b931-a8a67b888132,vol_churn
32812,user_cb9d64ff-e6c0-4bda-8d3e-e8bfc93a8ccc,not_churned
33650,user_cc077b75-aeed-4118-a1ee-ae412c36bf2a,invol_churn
74087,user_cc4a6204-a066-4f9d-975a-6c7dc9aadacb,not_churned
62738,user_ccafb6b7-34c8-4108-97e5-ba3a97e67fa8,not_churned
42170,user_ccf104c1-7241-48a4-87b6-b03b8a7bc79b,not_churned
61564,user_ccfabbb9-90db-4bf1-ba99-8ca49fe31a53,invol_churn
76136,user_ccfc5898-be79-4f81-9b92-d21447a08aa4,not_churned
72491,user_cd807946-dfa2-452f-a2ec-e45ee0853fe2,vol_churn
44320,user_cda428be-58f3-4cfa-af32-3dfd7dc1490e,not_churned
41291,user_cdb903ca-ca64-441e-a189-220e8ab475e5,vol_churn
44943,user_cdfbed6f-8f73-4920-b38d-3970ec881bdc,not_churned
48871,user_cdff5acb-27d8-4797-84ad-6702dfbea2b3,vol_churn
28711,user_ce11230e-62e1-4125-9d2a-56232f63f76d,vol_churn
80577,user_ce2d28fb-8dfd-49e9-a371-534a40de5cf8,not_churned
53615,user_ce780071-3edc-459b-b9d0-b11839f66372,vol_churn
1866,user_cea40354-7717-48ee-acbf-b76f524172f6,not_churned
46667,user_cec8c5e5-10d9-496f-9a36-3121be625cf3,not_churned
34229,user_ced98562-ea4e-43cd-b847-7ac7c2d91440,invol_churn
49526,user_cee554ae-e318-4639-912e-5f284d35a760,vol_churn
7930,user_cef60f6e-2022-4054-af8a-483114c7707e,vol_churn
47903,user_cf146ad0-54f1-492e-8e58-2022d0604652,vol_churn
4508,user_cf63ac05-160f-4161-bbf4-f59ddf94dc01,not_churned
84631,user_cf9f9a12-3dc8-4780-b8e8-9f99e8b448e4,not_churned
68329,user_cfa96a6c-9771-4406-9cac-fea0bee9f4c5,not_churned
76587,user_cfb1198b-70a0-4885-a6e1-3cc6b3c0d4b8,not_churned
3951,user_d000a749-509c-41be-b9f3-fd0ef850ff7e,not_churned
82756,user_d04076c3-cb80-4188-bb00-8bbf425a1a85,not_churned
79676,user_d04c3652-e60f-450c-a9a1-9516d54d9abf,not_churned
84966,user_d04e5761-8e47-4232-b270-d76fff7ab376,not_churned
80954,user_d0b43db7-c6e1-4a5a-86c0-bf33468f821c,not_churned
57406,user_d0c40166-ee0f-4d95-9c9b-3fa95d3a0614,invol_churn
49619,user_d0de8918-c04d-4607-8905-86cc28605146,vol_churn
47003,user_d10dcf9c-4b92-494b-843d-f272cdef17fb,not_churned
54766,user_d12dc409-3b32-4b63-b53b-a54034820451,vol_churn
54215,user_d1395c39-5575-40d7-9211-53af19e81722,vol_churn
72720,user_d13f474b-f14c-4c40-9e28-e2a7fbcef999,vol_churn
3993,user_d176cbc1-98c2-44f1-891f-af5ab6d063ac,not_churned
15322,user_d1b2b594-9dec-4548-babc-b07bbd4b3cea,vol_churn
66172,user_d1b9e144-9993-415b-9ba5-3e7acdedb111,not_churned
2196,user_d1f12001-a3b0-4add-9968-5d9c816d6ff2,not_churned
58000,user_d239267e-a0c9-4e06-b71d-e7605fe68375,invol_churn
48560,user_d2877e62-3a3d-4a6b-ae17-782b4a5d387c,vol_churn
29255,user_d2fa9a6f-3ce6-401a-8f7d-3cdfb1410f5c,not_churned
32681,user_d33204ec-2ddc-4d32-9b8a-2c3028052023,not_churned
12642,user_d355e19a-5d1d-4ff0-8ddc-1332adbb2399,invol_churn
25188,user_d35af867-5ef4-4f0b-8546-dece9d7343d9,invol_churn
33299,user_d3b392c3-41fd-4a6d-8659-f599a06876c8,vol_churn
72865,user_d428761d-18e2-492c-a08e-b46e8e20e685,vol_churn
48707,user_d4c65b62-3507-4e24-bb12-6a975711096f,vol_churn
16974,user_d4f46b84-afa7-4c75-a446-8b4cd1cac97a,invol_churn
39057,user_d54842f6-b3bf-44c1-a874-9ec1039ed7b8,vol_churn
44785,user_d5b50aac-c865-4faa-9169-ede069a29f6a,not_churned
87262,user_d5c64f4d-ba37-4452-a6ff-89a65d2c5bfd,not_churned
78919,user_d5f25c30-a025-411a-974b-07c8bd36ac36,not_churned
82158,user_d611cd7d-def4-470b-8ac1-8392caf0413b,not_churned
39224,user_d64f80ad-7d95-4ee4-911f-07ee0cf3b988,vol_churn
34667,user_d65c31de-64d6-4a00-93d1-4be0955e39cc,invol_churn
27613,user_d66e9872-15ad-429c-9776-33c3ceb2e9bc,not_churned
32252,user_d68d66bd-67fd-4f2d-b6f7-47eaaba4d701,not_churned
41947,user_d70e183a-abb2-47ed-88a3-091b3e8ad6e9,not_churned
82930,user_d72e54ee-faa3-4163-b610-62c061e5c29c,not_churned
64546,user_d752deb0-1e6a-4a36-bed1-5729285d1786,not_churned
45281,user_d79a0c1e-25d2-4023-abd0-102035e587d1,not_churned
44189,user_d7daafca-0195-44c2-83c6-27369fdef70f,not_churned
79059,user_d7e58c26-0652-4854-b4a1-55f151132a2c,not_churned
36024,user_d84dedc3-00f2-4300-9bc1-a3cf42d5a131,invol_churn
1676,user_d85cbe51-b015-478f-8f55-84ab43285d6c,not_churned
278,user_d8a26339-3784-4e0e-be01-9e608f06db30,invol_churn
74540,user_d902c7d0-a9be-47dc-8075-d2948d6ab2e0,not_churned
38748,user_d90d23b3-f24b-4bf1-8a3c-8065b40d6a93,vol_churn
85791,user_d92afe3d-0aaa-43b8-af60-1492aacf9dab,not_churned
43286,user_d93578a9-1c2d-44ac-97a1-743366360135,invol_churn
17685,user_d93e8d24-4b66-445d-95d3-da3a1d72878d,invol_churn
3490,user_d94b0e19-d560-4ef2-b8a7-54c09333719e,not_churned
46186,user_d960ce2c-e0e4-420c-bd76-00799589a3ca,not_churned
65821,user_d972dd83-637e-41b2-850d-b8905b7144b8,not_churned
17484,user_d9ab91d4-36d6-447f-a05a-6a7adae892a6,invol_churn
19289,user_d9d1e631-9d86-4c17-8ab2-8faac7f611a6,invol_churn
18647,user_d9f1bdf8-bdb1-419d-ab87-965424f4524d,invol_churn
21650,user_d9fa12fd-5502-4a42-a020-ea578639d37e,vol_churn
12348,user_da003dd9-12a8-4fed-9e60-1e347b038202,vol_churn
79065,user_da10a58f-3e6a-4749-9da0-3e2d3355f5eb,not_churned
14915,user_da3b65df-82e7-4934-b0c2-6ecd7603e649,vol_churn
84264,user_da922805-641e-4e45-878c-66913d448d21,not_churned
37563,user_da932f12-2083-43a6-85a6-3eceb3cad294,vol_churn
14853,user_dacdd0d0-76b7-4ea3-87a0-bb7bacd0e0e7,vol_churn
77955,user_daef133b-9ee6-45fd-9c1d-6a5665473eed,not_churned
83597,user_db013e2e-e1df-4cf3-bd8e-f225dc14856a,not_churned
44805,user_db294914-ff06-4c31-80bd-442ef733beaf,not_churned
46156,user_db445f19-c2eb-4802-8f59-d1f918719079,not_churned
61403,user_db55eb62-1c6f-448e-bf4d-20fd88042929,invol_churn
38045,user_db7d805a-8b56-4d0b-85b5-4501cc3b77da,vol_churn
39984,user_dba54327-d953-4db8-9a91-ad9be89ebecf,vol_churn
84324,user_dbc9f0cd-26da-480f-9cbb-6d7498bf7809,not_churned
47196,user_dbcc6304-a9e3-48dd-8e4a-a6b584b45422,not_churned
55120,user_dbd603cf-21a6-4df0-9f07-98fbf2cebea7,vol_churn
37801,user_dbd8a87a-0b27-4456-b6fe-07023c4d6533,vol_churn
63418,user_dbead1e5-e305-4a2f-9792-6410da1b1b18,not_churned
3004,user_dbfee6a6-60c5-46fa-8b36-66a0d999cf39,not_churned
87355,user_dc1fc96c-26c7-48fa-a6cc-99ff7e1c890f,not_churned
58657,user_dca80134-3cb5-4d9b-9e5a-aedbee4adaeb,invol_churn
47865,user_dcbc6afa-5a42-48ea-b30c-0e49ea153fa0,vol_churn
16702,user_dcce00cd-f8b6-4586-b77b-ec566465ddac,invol_churn
37978,user_dd032233-d2f0-4d3e-8968-7b9e268611f0,vol_churn
50792,user_dd0402e7-3a7f-4d22-ac4c-e76c34110ce2,vol_churn
30856,user_dd1c40e5-8bc6-490a-95e9-83bc6b6c3f63,not_churned
35591,user_dd493c94-ec3e-4d87-850c-ec31e1f7fd7c,invol_churn
68205,user_dd68ebdf-bd03-47a3-a8b6-c1acb714d497,not_churned
13546,user_dd999941-893e-4ad6-9fed-ebd77b2dcd85,invol_churn
61323,user_ddb15581-a186-4bbe-8318-417c41ebbcb4,invol_churn
38212,user_ddc0c56f-8b82-4f07-ab1a-23b769c9115d,vol_churn
80248,user_ddfc04a6-0d7d-43b8-9b46-a0c1defb0f68,not_churned
26521,user_de045452-102a-45e8-aa65-1edd0bfbcbd3,not_churned
49158,user_de64847d-0630-4c7a-8b1d-2f3950c8aaf2,vol_churn
35423,user_de66aedb-3680-4481-a78b-b237701c42ec,invol_churn
60262,user_de812072-4fa2-41ee-9d9f-a4d85d81a0b4,invol_churn
67576,user_de858dda-9282-47a9-b2e8-f88200449da2,not_churned
33117,user_de897315-d2d5-471c-b1a3-dc2b520cf864,vol_churn
77525,user_de8d7aa6-fa73-4fdb-9b22-d367aff51abf,not_churned
12102,user_de9f0ee5-0b8f-4e99-974f-fa6e43c58dd7,vol_churn
60213,user_def71cf6-5185-453c-9e38-2c11db699d38,invol_churn
26924,user_defbcae7-0fff-4f7f-b1a5-cd459749a2dd,not_churned
79389,user_df38b4df-38f5-4536-8540-cd202150a888,not_churned
8201,user_df3c045a-4645-4dbe-abdd-de2ac8e35580,vol_churn
199,user_df59c11b-9e9b-4fcf-ba74-14d3695749f1,invol_churn
58856,user_df8db0d4-82c2-49c8-9b27-aba480e501ad,invol_churn
56617,user_dfb80129-bd5c-473a-94db-51a0432c3452,invol_churn
29060,user_dfef0136-3e61-4f3b-a509-0ef413bae969,not_churned
65719,user_dff57656-29b5-4c40-ab5f-c6ee35d20963,not_churned
21477,user_e09174ea-1df0-49d3-bf28-1facf6175bcd,invol_churn
67487,user_e0ae48a9-30e0-4f95-b258-8b50728501ce,not_churned
7915,user_e0af0b9c-50f8-49f2-ac99-3d6136142c89,vol_churn
15435,user_e0b5ae3b-94b9-4e95-a0fb-8c9fbb62719c,vol_churn
59821,user_e0d24521-c5aa-4f35-992d-760e212af38a,invol_churn
44124,user_e13a6d7e-8eef-4fe1-a1f9-a450f101be66,not_churned
89466,user_e147f745-867b-4dd1-8f50-efeb8d0944f8,not_churned
11982,user_e189b4ca-c963-4c14-b58a-8263ea6f6b6f,vol_churn
60569,user_e18e2b98-7166-4210-aeb6-2fd6afaf4d68,invol_churn
59200,user_e1f5b222-7674-4fcc-be4e-db34b4916d40,invol_churn
21010,user_e20b1819-c837-4218-a5c8-52e494bd0b9f,invol_churn
57877,user_e22c8892-16bb-4079-a3e7-ec8ff1b1e38a,invol_churn
45317,user_e2c567c0-d578-4e66-be68-c8307986e98a,not_churned
73865,user_e302dee4-29c8-4695-90d4-b404e441ea7d,vol_churn
18207,user_e332e413-b1c8-4d1e-8f02-5aaf4d99454e,invol_churn
43591,user_e34612c3-c2e1-413a-ab66-d1ee720223b1,not_churned
66754,user_e37efaa3-b060-4637-9bf0-ccf62c0afc7e,not_churned
29065,user_e3ad81dc-71c3-44aa-a2cc-746743d97b4d,not_churned
589,user_e3e33047-5655-45fc-af90-9b7f3c6f6342,vol_churn
88219,user_e404d0a6-c72a-4bd6-93b0-fcabd6c5b36b,not_churned
18570,user_e467d22d-d462-4fa1-aaf2-b80e6d9c4a0f,invol_churn
2485,user_e4e91af8-3df4-487d-a44b-f6a2c1aae00b,not_churned
5654,user_e51d4c1a-a83b-4fa4-93f1-a8ae354e05ee,not_churned
38602,user_e55b2e96-fee8-4497-bc46-7e1b9090a374,vol_churn
86065,user_e5769842-5e75-43dc-9a9a-3fbcc612a8d3,not_churned
67828,user_e5e114bd-ef85-4c97-b8b8-a15f587c4079,not_churned
8856,user_e60806ba-ab9f-4e96-a2aa-31bf6a5909ce,invol_churn
67003,user_e6146b91-6e43-433d-9a95-675d0489b3e6,not_churned
70131,user_e62fe8fe-7015-4ffe-a6af-de29b8142584,vol_churn
5489,user_e6818613-e08e-451e-abe5-65efc4a16aae,not_churned
19925,user_e686af79-6663-4836-befb-7cca497176ea,invol_churn
56079,user_e693fc96-e840-4058-a192-d5a4b2d8cea7,invol_churn
66431,user_e6adc2af-ed35-4452-8aac-dc7aaa285f7b,not_churned
74022,user_e70b5182-093e-41f1-b1c5-3fed45c01e82,not_churned
21722,user_e712d738-4c55-4bc2-a6c7-8e1fad3766ab,vol_churn
62661,user_e715b698-dc1b-4cec-a672-69e728852eda,not_churned
24277,user_e7274dc8-b13c-44c9-b237-20178fae7a2a,invol_churn
19561,user_e72c64ab-f07f-4d44-9ee8-0b536d955c03,invol_churn
69024,user_e73739cf-ea3a-4d2e-9e10-d395f4facda9,not_churned
15606,user_e746e5f4-2ad7-4d4b-bba1-dee5dd8959d5,vol_churn
58259,user_e76bad71-1c79-4c4d-b0b5-2e2202bee24c,invol_churn
44091,user_e77f328f-37d9-4331-88f6-ed3fbb39acb0,not_churned
60075,user_e7bb7549-9190-4f64-bb23-3308291e8fc6,invol_churn
28989,user_e7d2053b-0e7e-45a8-a4dc-66d2ba77d8b4,vol_churn
77413,user_e7eac0bb-d3cb-4028-927e-48dfabf9ca66,not_churned
52791,user_e8884cd4-ce74-4e37-9d48-f8c6938e3629,vol_churn
79944,user_e899431f-0ea0-4b69-af57-09138b9e63be,not_churned
31813,user_e8bdf5bc-bec8-4bd0-8a26-25c5eb055617,not_churned
24493,user_e8dc3f8d-e20e-4586-8fc9-d343f3c10470,invol_churn
53884,user_e997cc83-644a-4835-944a-4c665c5633fe,vol_churn
54109,user_e99c7e16-6824-46d5-97fa-a6a5bf661c42,vol_churn
77171,user_e9ef1e4d-442b-4fb1-844b-51354ebc9516,not_churned
88221,user_ea13844c-a8b6-4792-b19e-4a3860e72f32,not_churned
20983,user_ea1f9a5f-fed7-4036-bcc0-a7914326a613,invol_churn
15170,user_ea72bc2d-e25c-4f59-a85f-0068c6318eae,vol_churn
79703,user_ea72d218-0fb3-4867-9509-4102e2be3f3e,not_churned
29617,user_ea7aa2bb-aaee-4a61-a734-4ff99b582389,not_churned
31579,user_ea860217-237c-48bd-a052-d4ef46bf1cbd,not_churned
50094,user_eaad2d58-52d4-4529-8de5-420dcb98c732,vol_churn
13564,user_eaaeabb9-7eba-4700-a521-c20ca66487ec,invol_churn
49758,user_ead6ebd5-35b1-4738-8ba2-42358e7543b3,vol_churn
57026,user_eaf5dabe-d405-46d5-b691-56bfaf1791a8,invol_churn
43358,user_eb26a208-a670-45cb-b640-a30950c8c197,invol_churn
22197,user_eb5da29d-217a-404a-b650-100cb4008a80,not_churned
62372,user_eb62135c-f8d6-4d08-b5cf-eabec9284ed6,not_churned
3786,user_eb99b6a0-54ef-4e89-8196-5f5f382cdbfd,not_churned
41665,user_eb9b13bd-0a48-44f6-a34c-8a3e5ec5c7b7,not_churned
30317,user_ebbc8013-b56f-4c2d-bba8-24e5c8664c3e,not_churned
70027,user_ebdac4b8-0c37-4f46-9825-9523deef2116,vol_churn
25085,user_ec13f7e6-71c9-4cd4-99d9-34620ea3283e,invol_churn
57465,user_ec383595-1fa4-4676-98f2-580e767bbae8,invol_churn
48465,user_eca97569-7b60-4ffd-91e7-2db9675de617,vol_churn
49118,user_ed0765d2-2792-49d6-a521-3cfc37e186e2,vol_churn
26859,user_ed2fc794-a85d-446c-9133-c638b8235526,not_churned
77029,user_ed7db975-87b6-4841-9cef-57804ce5d9cb,not_churned
63248,user_edacf484-e5c7-4340-9b2b-22c51e73f2f8,not_churned
447,user_edcb3737-53dd-445e-83c8-acc91f503f2a,invol_churn
16874,user_ee150bca-2404-4f4e-acd5-1a5a26fd0770,invol_churn
69630,user_ee24075c-682b-4922-b7b6-a36461b25bb0,not_churned
134,user_ee4bcb0e-3727-4fd1-8a26-bff591ea18df,invol_churn
9684,user_ee518bd8-1f7d-4677-b897-5e4190936740,not_churned
81270,user_ee92f9b8-d326-41f6-af4d-39ad5594962c,not_churned
21988,user_ee97b85f-0370-46af-ab35-dd512cdfb021,vol_churn
53583,user_ef49069f-0635-4d11-8d5c-064239bb8b4b,vol_churn
1495,user_ef4cef06-faa2-4c54-961f-82ed668c6b2a,vol_churn
81528,user_efa12226-97d1-4ec0-9e58-3212a06a2c91,not_churned
17143,user_efca3f43-d99e-4816-90e1-dc7c525372d0,invol_churn
1284,user_efd35c8c-085d-4cb5-b9e9-76d77f0ffafb,vol_churn
79362,user_f0087586-c24c-4081-8d0d-a299612dfa0c,not_churned
42776,user_f01b103c-449a-41bd-aea6-b6b226f5a794,invol_churn
75236,user_f06e499c-7a26-4695-874f-6b5ca953cf6e,not_churned
75287,user_f0acc59a-8a6e-4d49-8fdf-fcab80932f26,not_churned
71578,user_f112cca2-2ac3-4db9-8764-5e7492e5f9a2,vol_churn
61913,user_f1184f0d-53ed-4db2-a080-81c181abe658,invol_churn
48535,user_f13b319e-437f-4185-b6fe-ec646a48ea63,vol_churn
70639,user_f21e8044-cb55-4391-a3ce-1d1ba5acc7ed,vol_churn
15188,user_f2406957-dee8-4a3c-8553-3c3d10202f6e,vol_churn
41550,user_f271a23a-38d4-4e55-b11d-12eaf59b5715,not_churned
21499,user_f2a29c03-ca67-49b2-8e54-10cf4c8a8a42,invol_churn
28746,user_f33f3ff8-e63b-4ced-9ca6-d75cd2bfd2c0,vol_churn
38565,user_f34fb59b-7caf-45f7-a2e5-e05e1556bf9a,vol_churn
79464,user_f354694d-78f9-4dc1-8602-3f572ca5194b,not_churned
26281,user_f3892505-0f84-455d-b141-6dc1c18c16ac,invol_churn
75474,user_f38bda2c-8dde-4f11-973c-4a008c739aa3,not_churned
87123,user_f38c2e03-4f34-47ed-8437-5e3dd61f81ee,not_churned
25859,user_f3a0787d-ad8a-476c-953e-09f7b886ffb4,invol_churn
40506,user_f3d10ac6-127e-42ea-a3e9-f32a08ee4710,vol_churn
64591,user_f3ee1048-4b8c-41f2-a646-52d79887ef90,not_churned
44801,user_f3f8be98-a29a-45e6-b965-e42cb82bf397,not_churned
72063,user_f433614f-6200-4294-8440-7710a009b84e,vol_churn
3509,user_f47777a3-4b3d-4471-a391-73c02a7d40b8,not_churned
52775,user_f527a83e-41c7-41e5-baeb-605a5b805a55,vol_churn
75619,user_f5345a48-4f0c-49b0-9ba1-aba6727f2812,not_churned
62023,user_f5ccb1d4-f552-47b6-9263-22299c734ec8,not_churned
76307,user_f5da8a0d-fe87-45de-8a9f-caf66f6236b9,not_churned
71413,user_f5dcf1cc-1fa2-4fb4-b527-3f991bffc3d0,vol_churn
77268,user_f61cc737-603c-429f-8371-d2ab73f4ef57,not_churned
88959,user_f6316a34-94dd-4994-933e-b9d3363fc6e0,not_churned
78950,user_f64bb994-9c24-4c21-9fe1-019e7864e5b0,not_churned
15214,user_f66b5ca0-ee8b-44b2-94c6-bc7d83e07731,vol_churn
74808,user_f685e9f2-aee8-4e59-b6b7-c51f58bcc8bb,not_churned
27465,user_f692c24e-13ec-4c9f-aeae-95c96cbc6c1e,not_churned
47164,user_f698c5c3-15a7-422c-928f-bf782a35a6df,not_churned
65492,user_f6b4a57f-8bb1-4c84-8477-7e76da617934,not_churned
17139,user_f6b6a9cc-1d5e-4ff1-95f9-cd46c08eab42,invol_churn
35003,user_f6d765da-bc53-47d0-8bff-92ba3fdf8079,invol_churn
70210,user_f6e1601c-e95d-4b0d-8faa-83f096b70b86,vol_churn
54757,user_f6f9df07-e0b5-484c-8763-e97e50ea5996,vol_churn
7360,user_f6fdf50b-7dec-4134-981a-3ef2afad145c,not_churned
31544,user_f70593de-74d6-44dc-a101-b62dad09d3c3,not_churned
66572,user_f7163085-f4ed-4377-831e-522b39b28a05,not_churned
9456,user_f734c278-87c9-449f-b332-894c92659ecb,invol_churn
32969,user_f7365c61-72d7-4b17-bd85-12c736ffd986,not_churned
67023,user_f755b2d0-49fc-470d-8016-0f2e513a652b,not_churned
19366,user_f7aa0404-0dc8-4af4-b0dc-88f63222e509,invol_churn
48693,user_f7b08066-5757-453e-b755-e0bd04ba3f71,vol_churn
74676,user_f844b658-c14a-4de3-b8d9-2314b5da006e,not_churned
4468,user_f84969df-71d9-42ad-9df0-2af0e8ce2645,not_churned
13950,user_f860e176-c242-43e6-8986-fc806b43bdb9,invol_churn
13150,user_f8aa0f0a-ecb0-42f0-a4b6-22d82b64ea2e,invol_churn
17678,user_f8c824fb-b958-4194-926a-48c908d83c1f,invol_churn
1134,user_f8db12b4-2e0d-40bc-b132-f66792e558ba,vol_churn
43471,user_f9234357-d82f-449f-9d88-b890ce5ea96c,invol_churn
47832,user_f95f1ac0-8009-455d-b8dc-a8c15c54f76c,vol_churn
3676,user_f96c7dc6-b1d0-446e-b21d-460ad050a90e,not_churned
30814,user_f997d57f-24a4-4c2d-a1e5-cf8f888b4074,not_churned
89422,user_f9d2628d-f9d1-4abb-a242-ecefba899d70,not_churned
88671,user_f9dea2d5-ef0c-449a-bf7f-ae90bfdf834b,not_churned
59376,user_f9e73881-22d9-47a2-9bf3-c19e32c2ffb1,invol_churn
69958,user_fa49543b-3e63-4c16-a86e-f789791da154,not_churned
44938,user_fa534f91-5132-4d5f-a2a0-b3f87a5db0a4,not_churned
68181,user_fa5b3753-f6e1-4ec1-af89-74537a79cbf6,not_churned
44753,user_fa8134f5-2d31-45a1-90e5-d33461069fc2,not_churned
69664,user_fa8c2b2f-1eb6-40b2-b9c8-a2ce2d5b389b,not_churned
44548,user_fa9aff81-c704-4ce4-894b-a5d91aad5160,not_churned
11216,user_faa34131-a413-4c0f-ae4e-51add7d9d54b,not_churned
60508,user_fab5b510-9b3e-4287-916c-aec21a8a3092,invol_churn
40074,user_fabc1c20-3544-4d7e-9127-989a07d7b848,vol_churn
63152,user_faf392a8-2e9b-4439-a336-6fc87f3f26a9,not_churned
62126,user_fb4a1976-f06b-429d-9b80-abc4e013789f,not_churned
13404,user_fbb18e19-f9d7-4bb8-81ef-c5dbafcca877,invol_churn
78935,user_fc2309fd-8ad3-4c84-bf71-f1f6ccd62333,not_churned
66412,user_fc4eb09e-d87a-43a9-aab5-9783ea7f0a73,not_churned
51290,user_fc5b38d6-fbcc-4c72-9843-2d5b4d246a51,vol_churn
14328,user_fc5be63f-3701-4e52-b595-7bbdf3f5f275,invol_churn
89653,user_fc64261e-b257-40f9-9214-6a82f8a66bdb,not_churned
81923,user_fc6ac1e4-b0fc-41a5-9147-48a482aa5c95,not_churned
87114,user_fc9ca67a-40ae-49be-9f7c-b99ee13ef3a5,not_churned
85493,user_fca95da5-fb3f-47df-a1be-0db117c7b250,not_churned
41707,user_fcae5ad5-2e6f-4470-a568-4679c5c9ba5b,not_churned
42995,user_fd4b0ac3-e77b-4616-a656-8f4db77738a7,invol_churn
87685,user_fd6664d2-76af-4fe7-8588-eb750f018a37,not_churned
14096,user_fdae51c9-3749-4b65-9d35-d9885990fb31,invol_churn
39113,user_fddc8b14-c746-42d2-9887-d436c31a6468,vol_churn
9947,user_fdedfa0f-3073-4fb5-814a-373feb75a6b8,not_churned
75336,user_fe5168ac-6eeb-4ff7-a9b8-6e419829ed03,not_churned
5628,user_fe7df3f0-5bf9-4b48-9664-73c269fb45cf,not_churned
34340,user_ff006740-348d-4089-b43a-beeb08c0660d,invol_churn
718,user_ff32d05a-b1cc-4fc3-9967-61ec57d5b9fc,vol_churn
38011,user_ff332cb9-a01d-4ae8-9e60-2eb9a09d1caf,vol_churn
17178,user_ff3d2ac8-7fc0-4ab9-a608-b930276950aa,invol_churn
74648,user_ff45cbb8-409c-4af6-ab3a-db7db8669eac,not_churned
44464,user_ff56fc4c-eb1b-48f2-a8e8-a9a564c3284a,not_churned
41830,user_ff7774d0-976d-4184-951e-1293d1063139,not_churned
30188,user_ffc1228c-61d7-4448-80ed-344755716ad3,not_churned
73658,user_fff8f172-26d3-4452-8bae-4a5e92e45e86,vol_churn
52125,user_fffab806-1926-4202-b1e0-f7aada47e71d,vol_churn
